Датум,Цена,Макс,Мин,Просечна цена,% Промена,Количина,Вкупен промет
18.1.2021,"73.000,00",,,"73.000,00","0,00",0,0
15.1.2021,"73.000,00","73.000,00","73.000,00","73.000,00","-0,68",90,6.570.000
14.1.2021,"73.000,00","74.000,00","73.000,00","73.499,65","0,00",26,1.910.991
13.1.2021,"73.499,00","73.499,00","73.499,00","73.499,00","1,97",4,293.996
12.1.2021,"72.001,00","73.000,00","72.000,00","72.077,12","-2,60",26,1.874.005
11.1.2021,"74.000,00","74.000,00","74.000,00","74.000,00","-0,80",10,740.000
08.1.2021,"74.500,00","74.886,00","74.500,00","74.596,36","-0,13",28,2.088.698
05.1.2021,"74.000,00","74.999,00","74.000,00","74.691,30","0,98",64,4.780.243
04.1.2021,"73.950,00","73.999,00","73.950,00","73.966,33","0,46",3,221.899
30.12.2020,"73.000,00","74.000,00","72.753,00","73.626,32","1,66",88,6.479.116
29.12.2020,"73.000,00","74.000,00","72.000,00","72.425,96","3,38",128,9.270.523
28.12.2020,"71.000,00","71.000,00","69.000,00","70.055,56","2,27",54,3.783.000
25.12.2020,"68.500,00","68.500,00","68.500,00","68.500,00","1,74",8,548.000
24.12.2020,"67.500,00","68.000,00","67.000,00","67.328,12","0,49",32,2.154.500
23.12.2020,"67.000,00","67.000,00","67.000,00","67.000,00","-1,35",337,22.579.000
22.12.2020,"67.500,00",,,"67.918,42","0,00",0,0
21.12.2020,"67.500,00","68.000,00","67.500,00","67.918,42","1,01",38,2.580.900
18.12.2020,"67.899,00","67.899,00","67.200,00","67.238,83","-0,39",144,9.682.392
17.12.2020,"67.500,00",,,"67.500,00","0,00",0,0
16.12.2020,"67.500,00","67.500,00","67.500,00","67.500,00","0,67",2,135.000
15.12.2020,"67.050,00","67.050,00","67.050,00","67.050,00","0,07",7,469.350
14.12.2020,"67.001,00","67.001,00","67.000,00","67.000,17","-0,42",29,1.943.005
11.12.2020,"67.100,00",,,"67.281,25","0,00",0,0
10.12.2020,"67.100,00","67.700,00","67.100,00","67.281,25","-0,63",32,2.153.000
09.12.2020,"67.700,00","68.000,00","67.699,00","67.706,51","-1,87",92,6.228.999
07.12.2020,"68.999,00",,,"68.999,00","0,00",0,0
04.12.2020,"68.999,00","68.999,00","68.999,00","68.999,00","0,73",1,68.999
03.12.2020,"68.500,00",,,"68.500,00","0,00",0,0
02.12.2020,"68.500,00",,,"68.500,00","0,00",0,0
01.12.2020,"68.500,00","68.500,00","68.500,00","68.500,00","-1,44",1,68.500
30.11.2020,"69.500,00","69.500,00","69.500,00","69.500,00","-0,71",1,69.500
27.11.2020,"70.000,00","70.000,00","69.998,00","69.998,91","0,00",11,769.988
26.11.2020,"69.998,00",,,"69.999,72","0,00",0,0
25.11.2020,"69.998,00",,,"69.999,72","0,00",0,0
24.11.2020,"69.998,00","70.000,00","69.998,00","69.999,72","0,90",18,1.259.995
23.11.2020,"69.500,00","69.990,00","69.000,00","69.373,33","-0,18",12,832.480
20.11.2020,"69.500,00","69.500,00","69.500,00","69.500,00","1,46",22,1.529.000
19.11.2020,"68.500,00","68.500,00","68.500,00","68.500,00","0,00",16,1.096.000
18.11.2020,"68.500,00","68.500,00","68.500,00","68.500,00","0,00",5,342.500
17.11.2020,"68.500,00","68.500,00","68.500,00","68.500,00","0,00",1,68.500
16.11.2020,"68.500,00","68.500,00","68.500,00","68.500,00","-0,07",1,68.500
13.11.2020,"69.000,00",,,"68.550,20","0,00",0,0
12.11.2020,"69.000,00",,,"68.550,20","0,00",0,0
11.11.2020,"69.000,00",,,"68.550,20","0,00",0,0
10.11.2020,"69.000,00","69.000,00","68.000,00","68.550,20","0,16",20,1.371.004
09.11.2020,"68.500,00","68.500,00","68.400,00","68.441,67","3,70",12,821.300
06.11.2020,"66.000,00",,,"66.000,00","0,00",0,0
05.11.2020,"66.000,00","66.000,00","66.000,00","66.000,00","-1,49",1,66.000
04.11.2020,"67.000,00","67.000,00","67.000,00","67.000,00","0,00",4,268.000
03.11.2020,"67.000,00","67.000,00","67.000,00","67.000,00","-2,90",3,201.000
02.11.2020,"69.000,00","69.000,00","69.000,00","69.000,00","0,00",16,1.104.000
30.10.2020,"69.000,00","69.000,00","69.000,00","69.000,00","2,58",51,3.519.000
29.10.2020,"68.000,00","68.060,00","66.000,00","67.262,79","1,78",29,1.950.621
28.10.2020,"66.300,00","66.300,00","66.000,00","66.083,89","-0,38",18,1.189.510
27.10.2020,"66.000,00","68.000,00","66.000,00","66.333,67","-2,35",12,796.004
26.10.2020,"68.000,00",,,"67.928,57","0,00",0,0
22.10.2020,"68.000,00","68.000,00","67.500,00","67.928,57","0,00",14,951.000
21.10.2020,"68.000,00","68.000,00","67.800,00","67.928,57","-1,70",28,1.902.000
20.10.2020,"69.000,00",,,"69.099,97","0,00",0,0
19.10.2020,"69.000,00",,,"69.099,97","0,00",0,0
16.10.2020,"69.000,00","69.200,00","69.000,00","69.099,97","-1,18",33,2.280.299
15.10.2020,"69.999,00","70.000,00","69.000,00","69.924,07","1,34",145,10.138.990
14.10.2020,"69.001,00",,,"69.001,00","0,00",0,0
13.10.2020,"69.001,00","69.001,00","69.001,00","69.001,00","-4,36",5,345.005
09.10.2020,"72.000,00",,,"72.144,44","0,00",0,0
08.10.2020,"72.000,00","72.200,00","72.000,00","72.144,44","-2,45",18,1.298.600
07.10.2020,"72.260,00","74.499,00","72.260,00","73.957,37","9,20",179,13.238.370
06.10.2020,"68.000,00","68.000,00","67.000,00","67.727,39","-1,37",44,2.980.005
05.10.2020,"68.500,00","69.000,00","68.500,00","68.666,67","-0,48",15,1.030.000
02.10.2020,"69.000,00","69.000,00","69.000,00","69.000,00","-2,54",2,6.018.000
01.10.2020,"71.500,00","71.500,00","70.000,00","70.795,90","1,20",49,3.468.999
30.9.2020,"70.000,00","70.000,00","69.800,00","69.959,81","0,32",59,4.127.629
29.9.2020,"69.989,00","69.989,00","69.500,00","69.736,76","0,34",101,7.043.413
28.9.2020,"69.500,00","69.500,00","69.500,00","69.500,00","0,05",3,208.500
25.9.2020,"70.000,00",,,"69.464,56","0,00",0,0
24.9.2020,"70.000,00","70.000,00","69.000,00","69.464,56","-0,76",43,2.986.976
23.9.2020,"70.000,00","70.000,00","69.999,00","69.999,67","0,15",3,209.999
22.9.2020,"70.000,00","70.000,00","69.000,00","69.896,37","2,45",129,9.016.632
21.9.2020,"69.000,00","69.000,00","68.000,00","68.224,60","1,47",55,3.752.353
18.9.2020,"67.800,00","67.800,00","67.001,00","67.236,43","1,76",67,4.504.841
17.9.2020,"66.110,00","66.110,00","66.000,00","66.073,33","1,65",30,4.556.200
16.9.2020,"65.000,00","65.000,00","65.000,00","65.000,00","-0,01",15,975.000
15.9.2020,"66.000,00","66.000,00","64.000,00","65.009,30","1,58",103,6.695.958
14.9.2020,"64.000,00","64.000,00","64.000,00","64.000,00","-0,61",1,64.000
11.9.2020,"64.880,00","64.880,00","64.000,00","64.391,11","2,21",9,579.520
10.9.2020,"62.999,00",,,"62.999,13","0,00",0,0
09.9.2020,"62.999,00","63.000,00","62.998,00","62.999,13","0,00",23,1.448.980
07.9.2020,"63.000,00",,,"63.000,00","0,00",0,0
04.9.2020,"63.000,00","63.000,00","63.000,00","63.000,00","-0,29",1,63.000
03.9.2020,"63.300,00","63.500,00","63.000,00","63.183,33","0,65",6,379.100
02.9.2020,"63.000,00","63.000,00","62.500,00","62.777,78","0,44",9,565.000
01.9.2020,"62.500,00","62.500,00","62.500,00","62.500,00","0,00",5,312.500
31.8.2020,"62.500,00","62.500,00","62.500,00","62.500,00","0,71",2,125.000
27.8.2020,"62.500,00","62.500,00","61.500,00","62.056,67","0,23",21,1.303.190
26.8.2020,"62.000,00",,,"61.915,54","0,00",0,0
25.8.2020,"62.000,00","62.000,00","61.800,00","61.915,54","-0,14",46,2.848.115
24.8.2020,"62.000,00",,,"62.000,00","0,00",0,0
21.8.2020,"62.000,00",,,"62.000,00","0,00",0,0
20.8.2020,"62.000,00","62.000,00","62.000,00","62.000,00","-3,43",51,3.162.000
19.8.2020,"64.201,00",,,"64.201,86","0,00",0,0
18.8.2020,"64.201,00",,,"64.201,86","0,00",0,0
17.8.2020,"64.201,00",,,"64.201,86","0,00",0,0
14.8.2020,"64.201,00","64.203,00","64.201,00","64.201,86","-1,40",7,449.413
13.8.2020,"66.000,00",,,"65.116,67","0,00",0,0
12.8.2020,"66.000,00",,,"65.116,67","0,00",0,0
11.8.2020,"66.000,00","66.000,00","64.850,00","65.116,67","1,27",12,781.400
10.8.2020,"64.250,00","65.000,00","64.250,00","64.302,72","-0,98",92,5.915.850
07.8.2020,"65.000,00","65.000,00","64.505,00","64.939,86","-0,09",43,2.792.414
06.8.2020,"65.000,00","65.000,00","65.000,00","65.000,00","-1,51",5,325.000
05.8.2020,"65.998,00",,,"65.998,88","0,00",0,0
04.8.2020,"65.998,00","65.999,00","65.998,00","65.998,88","0,47",33,2.177.963
31.7.2020,"66.000,00",,,"65.689,04","0,00",0,0
30.7.2020,"66.000,00",,,"65.689,04","0,00",0,0
29.7.2020,"66.000,00","66.000,00","65.051,00","65.689,04","0,72",67,4.401.166
28.7.2020,"64.112,00","65.500,00","64.112,00","65.222,40","0,20",5,326.112
27.7.2020,"65.500,00",,,"65.094,43","0,00",0,0
24.7.2020,"65.500,00","65.500,00","64.998,00","65.094,43","0,15",21,1.366.983
23.7.2020,"65.000,00","65.000,00","65.000,00","65.000,00","0,00",5,325.000
22.7.2020,"65.000,00","65.000,00","64.999,00","64.999,71","0,00",21,1.364.994
21.7.2020,"65.000,00","65.000,00","64.999,00","64.999,91","-2,77",33,2.144.997
20.7.2020,"66.101,00",,,"66.851,09","0,00",0,0
17.7.2020,"66.101,00","66.999,00","66.101,00","66.851,09","1,29",35,2.339.788
16.7.2020,"66.000,00",,,"66.000,00","0,00",0,0
14.7.2020,"66.000,00","66.000,00","66.000,00","66.000,00","1,54",4,264.000
13.7.2020,"65.000,00","65.000,00","65.000,00","65.000,00","0,04",14,910.000
10.7.2020,"65.000,00",,,"64.977,24","0,00",0,0
09.7.2020,"65.000,00",,,"64.977,24","0,00",0,0
08.7.2020,"65.000,00",,,"64.977,24","0,00",0,0
07.7.2020,"65.000,00","65.000,00","64.700,00","64.977,24","0,82",42,2.729.044
06.7.2020,"64.500,00",,,"64.450,10","0,00",0,0
03.7.2020,"64.500,00",,,"64.450,10","0,00",0,0
02.7.2020,"64.500,00","64.500,00","64.001,00","64.450,10","-0,85",10,644.501
01.7.2020,"65.000,00",,,"65.000,00","0,00",0,0
30.6.2020,"65.000,00",,,"65.000,00","0,00",0,0
29.6.2020,"65.000,00","65.000,00","65.000,00","65.000,00","0,00",15,975.000
26.6.2020,"65.000,00","65.000,00","65.000,00","65.000,00","0,00",10,650.000
25.6.2020,"65.000,00","65.000,00","65.000,00","65.000,00","-2,25",4,260.000
24.6.2020,"66.999,00",,,"66.499,50","0,00",0,0
23.6.2020,"66.999,00","66.999,00","66.000,00","66.499,50","0,91",10,664.995
22.6.2020,"65.900,00",,,"65.900,00","0,00",0,0
19.6.2020,"65.900,00",,,"65.900,00","0,00",0,0
18.6.2020,"65.900,00","65.900,00","65.900,00","65.900,00","2,97",2,131.800
17.6.2020,"64.000,00","64.000,00","64.000,00","64.000,00","0,97",92,5.888.000
16.6.2020,"63.500,00","63.500,00","63.001,00","63.386,35","-1,17",118,7.479.589
15.6.2020,"63.500,00","64.603,00","63.001,00","64.138,44","-1,69",81,5.195.214
12.6.2020,"65.500,00","65.500,00","65.000,00","65.240,93","-0,73",27,1.761.505
11.6.2020,"65.500,00","66.001,00","65.500,00","65.722,50","-0,59",36,2.366.010
10.6.2020,"66.150,00","66.150,00","66.101,00","66.112,41","-0,60",83,5.487.330
09.6.2020,"66.510,00","66.510,00","66.510,00","66.510,00","-1,47",3,199.530
08.6.2020,"67.500,00","67.500,00","67.500,00","67.500,00","0,00",6,405.000
04.6.2020,"67.498,00","67.498,00","67.498,00","67.498,00","-0,04",14,944.972
03.6.2020,"67.500,00",,,"67.527,27","0,00",0,0
02.6.2020,"67.500,00","68.000,00","67.500,00","67.527,27","-0,45",55,3.714.000
01.6.2020,"67.800,00","68.000,00","67.800,00","67.833,33","-0,20",12,814.000
29.5.2020,"68.000,00","68.000,00","67.500,00","67.967,90","-0,05",112,7.612.405
28.5.2020,"68.000,00","68.000,00","68.000,00","68.000,00","1,49",5,340.000
27.5.2020,"68.000,00","68.000,00","66.500,00","67.000,00","-0,18",15,1.005.000
26.5.2020,"67.000,00","67.560,00","67.000,00","67.121,74","-0,88",23,1.543.800
22.5.2020,"67.553,00","68.000,00","67.552,00","67.718,93","-0,44",43,2.911.914
21.5.2020,"68.000,00","68.200,00","68.000,00","68.021,04","-1,42",24,1.632.505
20.5.2020,"69.000,00",,,"69.000,00","0,00",0,0
19.5.2020,"69.000,00","69.000,00","69.000,00","69.000,00","0,00",21,1.449.000
18.5.2020,"69.000,00","69.000,00","69.000,00","69.000,00","-1,02",9,621.000
15.5.2020,"69.900,00","69.900,00","69.000,00","69.713,49","1,07",53,3.694.815
14.5.2020,"69.900,00","69.900,00","68.500,00","68.977,93","0,70",184,12.691.940
13.5.2020,"68.499,00","68.499,00","68.499,00","68.499,00","0,73",3,205.497
12.5.2020,"68.000,00","68.000,00","68.000,00","68.000,00","1,49",2,136.000
11.5.2020,"67.001,00",,,"67.001,00","0,00",0,0
08.5.2020,"67.001,00","67.001,00","67.001,00","67.001,00","-1,47",22,1.474.022
07.5.2020,"68.000,00","68.000,00","67.990,00","67.998,33","0,00",36,2.447.940
06.5.2020,"68.000,00","68.000,00","68.000,00","68.000,00","1,45",8,544.000
05.5.2020,"67.899,00","67.899,00","67.000,00","67.027,39","-3,31",44,2.949.205
04.5.2020,"67.999,00","72.700,00","67.900,00","69.324,10","-2,51",100,6.932.410
30.4.2020,"70.005,00","72.501,00","70.000,00","71.105,58","1,86",89,6.328.397
29.4.2020,"70.000,00","70.000,00","69.457,00","69.807,73","3,52",78,5.445.003
28.4.2020,"67.501,00","67.506,00","67.421,00","67.434,75","3,02",24,1.618.434
27.4.2020,"66.000,00","66.000,00","64.346,00","65.457,81","4,78",31,2.029.192
24.4.2020,"63.001,00","63.001,00","61.700,00","62.471,90","3,14",39,2.436.404
23.4.2020,"60.500,00","60.990,00","60.500,00","60.571,28","5,24",94,5.693.700
22.4.2020,"58.731,00","58.731,00","56.900,00","57.556,92","3,03",65,3.741.200
21.4.2020,"57.000,00",,,"55.864,92","0,00",0,0
16.4.2020,"57.000,00","57.000,00","55.000,00","55.864,92","0,30",122,6.815.520
15.4.2020,"55.200,00","56.000,00","55.200,00","55.700,00","-1,63",16,891.200
14.4.2020,"56.500,00","57.000,00","56.499,00","56.624,90","-0,53",48,2.717.995
13.4.2020,"56.000,00","57.500,00","56.000,00","56.925,48","-0,58",27,1.536.988
10.4.2020,"57.000,00","57.700,00","57.000,00","57.257,98","2,21",40,2.290.319
09.4.2020,"53.625,00","56.499,00","53.625,00","56.020,00","1,35",12,672.240
08.4.2020,"54.350,00","56.500,00","52.601,00","55.273,88","-1,35",40,2.210.955
07.4.2020,"56.650,00","56.650,00","54.781,00","56.030,45","4,94",71,3.978.162
06.4.2020,"54.000,00","54.771,00","51.134,00","53.392,48","6,17",48,2.562.839
03.4.2020,"50.000,00","50.900,00","49.509,00","50.291,21","8,19",39,5.253.073
02.4.2020,"46.351,00",,,"46.485,98","0,00",0,0
01.4.2020,"46.351,00","47.431,00","46.300,00","46.485,98","-7,94",124,5.764.261
31.3.2020,"49.557,00","51.089,00","49.557,00","50.496,41","8,52",22,1.110.921
30.3.2020,"47.499,00","47.500,00","45.001,00","46.533,78","6,90",50,2.326.689
27.3.2020,"43.258,00","44.378,00","43.258,00","43.531,49","-9,43",198,8.619.235
26.3.2020,"47.379,00","51.500,00","47.379,00","48.063,77","-8,70",77,3.700.910
25.3.2020,"52.660,00","52.660,00","51.862,00","52.643,12","4,97",138,7.264.750
24.3.2020,"52.000,00","52.000,00","49.035,00","50.152,70","-2,32",367,18.406.041
23.3.2020,"51.345,00","51.345,00","51.345,00","51.345,00","-5,00",21,1.078.245
20.3.2020,"53.683,00","54.771,00","52.163,00","54.047,01","3,61",675,36.481.735
19.3.2020,"52.163,00","52.163,00","52.163,00","52.163,00","-5,00",21,1.095.423
18.3.2020,"54.908,00","54.908,00","54.908,00","54.908,00","-5,00",6,329.448
17.3.2020,"55.879,00","58.000,00","55.879,00","57.797,86","-1,74",42,2.427.510
16.3.2020,"58.707,00","59.999,00","58.707,00","58.819,35","-9,83",23,1.352.845
13.3.2020,"64.000,00","67.200,00","64.000,00","65.229,74","-0,03",254,16.568.354
12.3.2020,"65.251,00","65.251,00","65.251,00","65.251,00","-10,00",44,2.871.044
11.3.2020,"72.500,00","72.500,00","72.500,00","72.500,00","-0,09",19,1.377.500
10.3.2020,"72.535,00","73.999,00","72.534,00","72.565,14","3,05",66,4.789.299
09.3.2020,"70.002,00","73.000,00","70.002,00","70.419,81","-8,69",104,7.323.660
06.3.2020,"77.000,00","78.000,00","77.000,00","77.125,00","0,05",8,617.000
05.3.2020,"78.000,00","78.000,00","76.500,00","77.086,36","0,77",110,8.479.500
04.3.2020,"76.500,00","76.500,00","76.499,00","76.499,70","1,26",10,764.997
03.3.2020,"76.500,00","76.500,00","75.000,00","75.551,47","0,81",68,5.137.500
02.3.2020,"75.000,00","75.000,00","74.792,00","74.941,39","3,21",28,2.098.359
28.2.2020,"73.500,00","73.500,00","71.990,00","72.613,89","1,05",110,7.987.528
27.2.2020,"72.000,00","72.300,00","71.571,00","71.862,62","-2,60",224,16.097.226
26.2.2020,"73.500,00","76.200,00","72.100,00","73.783,51","-3,71",136,13.173.557
25.2.2020,"76.496,00","76.994,00","76.100,00","76.627,51","-1,19",92,32.613.731
24.2.2020,"77.500,00","78.000,00","77.500,00","77.548,82","-0,54",262,20.317.792
21.2.2020,"78.000,00","78.053,00","77.500,00","77.971,46","-0,03",174,13.567.034
20.2.2020,"77.997,00",,,"77.996,67","0,00",0,0
19.2.2020,"77.997,00","77.997,00","77.996,00","77.996,67","-0,07",3,233.990
18.2.2020,"78.000,00","78.120,00","78.000,00","78.053,11","0,26",38,2.966.018
17.2.2020,"78.100,00","78.151,00","77.001,00","77.852,09","1,02",64,4.982.534
14.2.2020,"77.100,00","77.101,00","77.000,00","77.067,13","0,09",15,1.156.007
13.2.2020,"77.000,00","77.000,00","76.900,00","76.998,33","0,10",60,4.619.900
12.2.2020,"77.000,00","77.300,00","76.500,00","76.923,79","-1,25",109,8.384.693
11.2.2020,"77.500,00","78.000,00","77.500,00","77.899,57","0,00",54,4.206.577
10.2.2020,"77.900,00","77.900,00","77.900,00","77.900,00","0,52",1,77.900
07.2.2020,"77.500,00","77.500,00","77.500,00","77.500,00","0,01",9,697.500
06.2.2020,"77.150,00","77.500,00","77.150,00","77.493,14","-0,24",51,3.952.150
05.2.2020,"77.500,00","78.000,00","77.500,00","77.680,88","-0,44",48,3.728.682
04.2.2020,"78.000,00","78.200,00","78.000,00","78.023,16","-0,07",74,5.773.714
03.2.2020,"78.003,00","78.999,00","78.000,00","78.081,20","-1,13",25,1.952.030
31.1.2020,"79.000,00","79.000,00","78.750,00","78.974,64","2,40",69,5.449.250
30.1.2020,"77.000,00","77.990,00","77.000,00","77.124,00","-1,12",8,616.992
29.1.2020,"78.000,00","78.000,00","78.000,00","78.000,00","-0,15",25,1.950.000
28.1.2020,"78.000,00","79.000,00","78.000,00","78.115,38","1,58",13,1.015.500
27.1.2020,"76.900,00","76.900,00","76.900,00","76.900,00","-1,56",1,76.900
24.1.2020,"78.001,00","78.500,00","78.001,00","78.121,84","-0,92",19,1.484.315
23.1.2020,"78.500,00","79.000,00","78.500,00","78.843,65","-0,41",48,3.784.495
22.1.2020,"79.000,00","79.848,00","79.000,00","79.172,15","-0,43",27,2.137.648
21.1.2020,"79.500,00","79.899,00","79.499,00","79.512,48","-0,26",64,5.088.799
20.1.2020,"79.500,00","79.949,00","79.500,00","79.721,62","-0,16",21,1.674.154
18.1.2022,"78.800,00","78.800,00","78.800,00","78.800,00","-0,08",12,945.600
17.1.2022,"78.999,00","78.999,00","78.800,00","78.866,33","0,03",21,1.656.193
14.1.2022,"78.500,00","79.000,00","78.500,00","78.844,02","0,98",45,3.547.981
13.1.2022,"78.100,00","78.100,00","78.000,00","78.080,00","-1,12",5,390.400
12.1.2022,"77.505,00","79.000,00","77.505,00","78.961,67","-0,05",39,3.079.505
11.1.2022,"79.000,00","79.000,00","79.000,00","79.000,00","-1,32",17,1.343.000
10.1.2022,"80.000,00","80.600,00","80.000,00","80.054,55","0,08",11,880.600
05.1.2022,"80.000,00","80.300,00","78.500,00","79.987,04","2,22",81,6.478.950
04.1.2022,"78.500,00","78.500,00","78.000,00","78.250,00","0,41",20,1.565.000
03.1.2022,"78.000,00","78.000,00","77.900,00","77.928,57","-0,45",7,545.500
30.12.2021,"78.280,00","78.280,00","78.280,00","78.280,00","3,00",1,78.280
29.12.2021,"76.000,00","76.000,00","76.000,00","76.000,00","0,42",20,1.520.000
28.12.2021,"76.000,00","76.000,00","75.002,00","75.682,00","0,36",11,832.502
27.12.2021,"76.000,00","76.000,00","75.000,00","75.410,26","0,63",39,2.941.000
24.12.2021,"75.000,00","75.000,00","74.500,00","74.938,71","1,27",31,2.323.100
23.12.2021,"74.000,00","74.000,00","74.000,00","74.000,00","-0,02",11,814.000
22.12.2021,"74.500,00","74.500,00","74.000,00","74.012,56","0,02",43,3.182.540
21.12.2021,"74.000,00","74.000,00","74.000,00","74.000,00","0,00",18,1.332.000
20.12.2021,"74.000,00","74.000,00","74.000,00","74.000,00","0,00",1,74.000
17.12.2021,"74.000,00","74.000,00","74.000,00","74.000,00","-1,33",1,74.000
16.12.2021,"74.999,00","75.000,00","74.999,00","74.999,92","0,00",61,4.574.995
15.12.2021,"75.000,00","75.000,00","75.000,00","75.000,00","0,38",7,525.000
14.12.2021,"74.700,00","75.000,00","74.500,00","74.717,65","0,29",17,1.270.200
13.12.2021,"74.500,00","74.500,00","74.500,00","74.500,00","0,50",13,968.500
10.12.2021,"74.061,00","74.300,00","74.061,00","74.127,53","0,17",15,1.111.913
09.12.2021,"74.000,00",,,"74.000,00","0,00",0,0
07.12.2021,"74.000,00","74.000,00","74.000,00","74.000,00","-0,67",4,296.000
06.12.2021,"74.501,00","74.501,00","74.501,00","74.501,00","-0,07",1,74.501
03.12.2021,"74.500,00",,,"74.554,05","0,00",0,0
02.12.2021,"74.500,00","75.000,00","74.200,00","74.554,05","-0,67",37,2.758.500
01.12.2021,"75.000,00","75.100,00","75.000,00","75.060,00","0,08",5,375.300
30.11.2021,"75.000,00","75.001,00","75.000,00","75.000,11","-1,17",45,3.375.005
29.11.2021,"75.500,00",,,"75.888,67","0,00",0,0
26.11.2021,"75.500,00","76.000,00","75.500,00","75.888,67","-0,21",9,682.998
25.11.2021,"76.999,00","76.999,00","75.900,00","76.045,36","0,06",22,1.672.998
24.11.2021,"76.000,00","76.000,00","76.000,00","76.000,00","0,00",4,304.000
23.11.2021,"76.000,00",,,"76.000,00","0,00",0,0
22.11.2021,"76.000,00","76.000,00","76.000,00","76.000,00","0,00",4,304.000
19.11.2021,"76.000,00","76.001,00","76.000,00","76.000,14","0,00",22,1.672.003
18.11.2021,"76.000,00","76.000,00","76.000,00","76.000,00","-0,03",19,1.444.000
17.11.2021,"76.000,00","76.100,00","76.000,00","76.022,22","-0,09",27,2.052.600
16.11.2021,"76.102,00","76.103,00","76.055,00","76.091,62","0,12",13,989.191
15.11.2021,"76.000,00","76.000,00","76.000,00","76.000,00","-1,27",15,1.140.000
12.11.2021,"76.000,00","77.300,00","76.000,00","76.974,00","-0,33",15,1.154.610
11.11.2021,"77.995,00","77.995,00","77.000,00","77.226,14","0,29",22,1.698.975
10.11.2021,"77.000,00","77.000,00","76.999,00","76.999,71","0,00",24,1.847.993
09.11.2021,"77.000,00","77.000,00","76.999,00","76.999,67","-0,03",3,230.999
08.11.2021,"77.000,00","77.100,00","77.000,00","77.023,71","0,03",17,1.309.403
05.11.2021,"77.000,00","77.000,00","77.000,00","77.000,00","-2,28",1,77.000
04.11.2021,"78.800,00","78.800,00","78.800,00","78.800,00","0,92",4,315.200
03.11.2021,"78.800,00","78.800,00","78.000,00","78.080,00","0,10",10,780.800
02.11.2021,"78.000,00","78.000,00","78.000,00","78.000,00","-2,25",7,546.000
01.11.2021,"79.053,00",,,"79.798,03","0,00",0,0
29.10.2021,"79.053,00","80.001,00","79.000,00","79.798,03","2,30",216,17.236.374
28.10.2021,"78.003,00","78.003,00","78.000,00","78.000,90","-1,70",10,780.009
27.10.2021,"79.350,00","79.350,00","79.350,00","79.350,00","1,73",1,79.350
26.10.2021,"77.000,00",,,"77.999,67","0,00",0,0
25.10.2021,"77.000,00","79.499,00","77.000,00","77.999,67","0,88",3,233.999
22.10.2021,"78.000,00","78.000,00","76.000,00","77.321,21","1,14",14,1.082.497
21.10.2021,"77.000,00","77.000,00","76.000,00","76.447,52","0,59",21,5.405.398
20.10.2021,"76.000,00","76.000,00","76.000,00","76.000,00","1,31",4,304.000
19.10.2021,"75.010,00","75.500,00","75.001,00","75.014,36","0,06",106,7.951.522
18.10.2021,"75.000,00","75.001,00","74.800,00","74.969,23","1,24",39,2.923.800
15.10.2021,"74.200,00","74.200,00","73.100,00","74.051,28","0,07",39,2.888.000
14.10.2021,"74.000,00",,,"74.000,00","0,00",0,0
13.10.2021,"74.000,00","74.000,00","74.000,00","74.000,00","-1,25",3,222.000
12.10.2021,"74.000,00","75.000,00","74.000,00","74.937,50","-0,12",16,1.199.000
08.10.2021,"75.000,00",,,"75.030,50","0,00",0,0
07.10.2021,"75.000,00",,,"75.030,50","0,00",0,0
06.10.2021,"75.000,00","75.100,00","75.000,00","75.030,50","0,02",20,1.500.610
05.10.2021,"75.012,00","75.013,00","75.012,00","75.012,33","0,00",3,225.037
04.10.2021,"75.010,00","75.010,00","75.010,00","75.010,00","-0,70",1,75.010
01.10.2021,"75.500,00",,,"75.535,17","0,00",0,0
30.9.2021,"75.500,00","75.561,00","75.500,00","75.535,17","0,05",18,1.359.633
29.9.2021,"75.502,00","75.502,00","75.500,00","75.500,75","0,63",8,604.006
28.9.2021,"75.006,00","75.500,00","75.000,00","75.027,30","0,04",124,9.303.385
27.9.2021,"74.997,00","74.998,00","74.997,00","74.997,62","0,00",68,8.174.756
24.9.2021,"75.000,00",,,"75.000,00","0,00",0,0
23.9.2021,"75.000,00","75.000,00","75.000,00","75.000,00","0,00",56,4.200.000
22.9.2021,"75.000,00","75.000,00","75.000,00","75.000,00","0,18",28,2.100.000
21.9.2021,"75.200,00","75.200,00","74.000,00","74.865,07","0,53",43,3.219.198
20.9.2021,"74.000,00","75.006,00","74.000,00","74.469,27","-0,97",15,1.117.039
17.9.2021,"75.000,00","76.000,00","75.000,00","75.200,00","-1,70",10,752.000
16.9.2021,"76.501,00","76.501,00","76.501,00","76.501,00","-0,55",4,306.004
15.9.2021,"76.898,00","77.000,00","76.898,00","76.927,14","-0,61",14,1.076.980
14.9.2021,"77.500,00","77.900,00","77.006,00","77.402,00","0,22",6,464.412
13.9.2021,"77.210,00","77.499,00","77.101,00","77.235,17","-0,15",46,3.552.818
10.9.2021,"77.499,00","77.499,00","77.200,00","77.349,50","0,09",4,309.398
09.9.2021,"77.003,00","77.500,00","77.000,00","77.278,11","-0,54",9,695.503
07.9.2021,"77.700,00","77.700,00","77.700,00","77.700,00","0,65",2,155.400
06.9.2021,"77.001,00","77.500,00","77.001,00","77.200,60","0,26",10,772.006
03.9.2021,"77.000,00","77.000,00","77.000,00","77.000,00","0,00",2,154.000
02.9.2021,"77.000,00","77.000,00","77.000,00","77.000,00","-1,28",109,8.393.000
01.9.2021,"78.000,00","78.000,00","78.000,00","78.000,00","-2,50",29,2.262.000
31.8.2021,"79.997,00","79.997,00","79.997,00","79.997,00","0,00",10,799.970
30.8.2021,"80.000,00",,,"80.000,71","0,00",0,0
27.8.2021,"80.000,00","80.002,00","80.000,00","80.000,71","-0,07",17,1.360.012
26.8.2021,"80.900,00","80.900,00","80.000,00","80.060,52","-2,41",100,8.006.052
25.8.2021,"82.000,00","83.000,00","80.512,00","82.038,81","3,05",27,2.215.048
24.8.2021,"81.372,00","81.372,00","78.000,00","79.614,08","4,07",143,11.384.814
23.8.2021,"76.500,00","76.500,00","76.499,00","76.499,67","0,85",30,2.294.990
20.8.2021,"76.000,00","76.000,00","75.499,00","75.856,15","0,49",48,3.641.095
19.8.2021,"75.500,00","75.500,00","75.001,00","75.482,76","0,61",58,4.378.000
18.8.2021,"75.090,00","75.090,00","75.000,00","75.021,92","0,11",78,5.851.710
17.8.2021,"74.900,00","75.010,00","74.900,00","74.938,81","-0,08",32,2.398.042
16.8.2021,"75.000,00","75.003,00","75.000,00","75.001,56","0,00",27,2.025.042
13.8.2021,"75.001,00","75.001,00","75.000,00","75.000,25","0,00",24,1.800.006
12.8.2021,"75.000,00","75.001,00","75.000,00","75.000,03","0,00",65,4.875.002
11.8.2021,"75.000,00",,,"75.000,00","0,00",0,0
10.8.2021,"75.000,00","75.000,00","75.000,00","75.000,00","0,00",1,75.000
09.8.2021,"75.000,00","75.001,00","75.000,00","75.000,12","0,00",16,1.200.002
06.8.2021,"75.000,00","75.000,00","74.990,00","74.997,63","1,35",87,6.524.794
05.8.2021,"74.000,00","74.000,00","74.000,00","74.000,00","0,00",4,296.000
04.8.2021,"74.000,00","74.000,00","74.000,00","74.000,00","0,00",4,296.000
03.8.2021,"74.000,00","74.000,00","74.000,00","74.000,00","-1,27",2,148.000
30.7.2021,"75.000,00","75.000,00","74.502,00","74.952,57","0,61",21,1.574.004
29.7.2021,"74.500,00",,,"74.500,30","0,00",0,0
28.7.2021,"74.500,00",,,"74.500,30","0,00",0,0
27.7.2021,"74.500,00","74.501,00","74.500,00","74.500,30","0,00",10,745.003
26.7.2021,"74.500,00",,,"74.500,00","0,00",0,0
23.7.2021,"74.500,00","74.500,00","74.500,00","74.500,00","0,00",70,5.215.000
22.7.2021,"74.500,00","74.500,00","74.500,00","74.500,00","0,00",33,2.458.500
21.7.2021,"74.500,00","74.500,00","74.500,00","74.500,00","0,00",17,1.266.500
20.7.2021,"74.500,00","74.500,00","74.500,00","74.500,00","0,00",12,894.000
19.7.2021,"74.500,00","74.500,00","74.500,00","74.500,00","0,00",2,149.000
16.7.2021,"74.501,00","74.501,00","74.500,00","74.500,97","0,00",29,2.160.528
15.7.2021,"74.500,00","74.500,00","74.500,00","74.500,00","-0,08",2,149.000
14.7.2021,"74.501,00","74.999,00","74.500,00","74.557,95","-0,59",87,6.486.542
13.7.2021,"75.000,00",,,"74.999,62","0,00",0,0
12.7.2021,"75.000,00",,,"74.999,62","0,00",0,0
09.7.2021,"75.000,00","75.000,00","74.998,00","74.999,62","0,00",8,599.997
08.7.2021,"74.999,00","75.000,00","74.995,00","74.997,83","0,73",12,899.974
07.7.2021,"74.000,00","75.000,00","74.000,00","74.453,12","-0,10",32,2.382.500
06.7.2021,"75.000,00",,,"74.526,00","0,00",0,0
05.7.2021,"75.000,00",,,"74.526,00","0,00",0,0
02.7.2021,"75.000,00","75.000,00","74.052,00","74.526,00","-1,29",20,1.490.520
01.7.2021,"75.500,00","75.500,00","75.500,00","75.500,00","-0,91",5,377.500
30.6.2021,"76.000,00",,,"76.196,92","0,00",0,0
29.6.2021,"76.000,00","76.999,00","73.000,00","76.196,92","4,38",115,8.762.646
28.6.2021,"73.000,00","73.000,00","72.998,00","72.999,36","0,07",25,1.824.984
25.6.2021,"72.998,00",,,"72.949,40","0,00",0,0
24.6.2021,"72.998,00",,,"72.949,40","0,00",0,0
23.6.2021,"72.998,00","73.000,00","72.500,00","72.949,40","-0,07",20,1.458.988
22.6.2021,"73.000,00","73.000,00","73.000,00","73.000,00","0,00",3,219.000
21.6.2021,"73.000,00","73.000,00","73.000,00","73.000,00","0,00",3,219.000
17.6.2021,"73.000,00","73.000,00","73.000,00","73.000,00","0,07",3,219.000
16.6.2021,"72.950,00","72.950,00","72.950,00","72.950,00","-0,03",1,72.950
15.6.2021,"72.950,00","73.000,00","72.950,00","72.975,00","-2,96",4,291.900
14.6.2021,"75.200,00","75.200,00","75.200,00","75.200,00","0,00",2,150.400
11.6.2021,"75.202,00","75.998,00","75.000,00","75.200,95","0,27",62,4.662.459
10.6.2021,"75.000,00","75.000,00","75.000,00","75.000,00","0,41",12,900.000
09.6.2021,"75.000,00","75.000,00","74.010,00","74.692,24","0,94",29,5.792.075
08.6.2021,"74.000,00","74.000,00","74.000,00","74.000,00","0,00",3,222.000
07.6.2021,"74.000,00","74.000,00","74.000,00","74.000,00","-0,02",75,5.550.000
04.6.2021,"74.000,00","74.050,00","74.000,00","74.016,67","-0,05",9,666.150
03.6.2021,"74.052,00","74.053,00","74.045,00","74.050,00","0,06",12,888.600
02.6.2021,"74.004,00","74.004,00","74.001,00","74.002,61","-0,47",31,2.294.081
01.6.2021,"74.001,00","74.999,00","74.001,00","74.355,59","0,34",39,2.899.868
31.5.2021,"74.103,00","74.110,00","74.103,00","74.104,27","0,01",11,815.147
28.5.2021,"74.100,00","74.100,00","74.100,00","74.100,00","-1,17",2,148.200
27.5.2021,"74.100,00","75.002,00","74.100,00","74.978,32","-0,15",40,2.999.133
26.5.2021,"75.005,00","75.500,00","75.000,00","75.094,30","-1,19",27,2.027.546
25.5.2021,"75.800,00",,,"75.998,88","0,00",0,0
21.5.2021,"75.800,00","76.800,00","74.077,00","75.998,88","3,11",48,3.647.946
20.5.2021,"74.000,00","74.000,00","73.500,00","73.708,25","0,97",12,884.499
19.5.2021,"73.001,00","73.001,00","72.999,00","73.000,00","0,00",47,3.431.000
18.5.2021,"73.000,00","73.000,00","73.000,00","73.000,00","0,00",8,584.000
17.5.2021,"73.000,00","73.001,00","73.000,00","73.000,17","0,00",12,876.002
14.5.2021,"73.000,00","73.000,00","73.000,00","73.000,00","0,00",18,1.314.000
12.5.2021,"73.000,00","73.000,00","73.000,00","73.000,00","0,00",7,511.000
11.5.2021,"73.000,00","73.000,00","73.000,00","73.000,00","0,00",17,1.241.000
10.5.2021,"73.000,00","73.000,00","73.000,00","73.000,00","0,00",28,2.044.000
07.5.2021,"73.000,00","73.000,00","73.000,00","73.000,00","0,03",10,730.000
06.5.2021,"72.950,00","73.000,00","72.000,00","72.977,66","-0,71",47,3.429.950
05.5.2021,"73.500,00","73.500,00","73.492,00","73.496,50","0,00",78,5.732.727
04.5.2021,"73.495,00","73.495,00","73.495,00","73.495,00","0,01",10,734.950
29.4.2021,"73.500,00","73.500,00","73.399,00","73.489,52","0,45",67,4.923.798
28.4.2021,"73.001,00","73.250,00","73.001,00","73.161,07","0,22",14,1.024.255
27.4.2021,"73.000,00","73.000,00","73.000,00","73.000,00","0,00",12,876.000
26.4.2021,"73.000,00","73.000,00","73.000,00","73.000,00","0,00",112,8.176.000
23.4.2021,"73.000,00","73.000,00","73.000,00","73.000,00","0,00",34,2.482.000
22.4.2021,"73.000,00","73.000,00","73.000,00","73.000,00","0,34",36,2.628.000
21.4.2021,"73.000,00","73.000,00","72.557,00","72.753,64","-0,34",50,3.637.682
20.4.2021,"73.000,00","73.000,00","73.000,00","73.000,00","0,00",15,1.095.000
19.4.2021,"73.000,00","73.000,00","73.000,00","73.000,00","-0,14",41,2.993.000
16.4.2021,"73.250,00","73.250,00","73.000,00","73.099,90","-0,35",10,730.999
15.4.2021,"73.390,00","73.400,00","73.000,00","73.353,29","0,71",21,1.540.419
14.4.2021,"73.200,00","73.200,00","72.000,00","72.834,57","1,16",46,3.350.390
13.4.2021,"72.000,00","72.000,00","72.000,00","72.000,00","0,00",1,72.000
12.4.2021,"72.000,00","72.000,00","72.000,00","72.000,00","-0,07",18,1.296.000
09.4.2021,"72.001,00","72.100,00","72.001,00","72.048,14","0,07",21,1.513.011
08.4.2021,"72.000,00","72.000,00","72.000,00","72.000,00","0,00",3,216.000
07.4.2021,"72.000,00",,,"72.000,40","0,00",0,0
06.4.2021,"72.000,00","72.002,00","72.000,00","72.000,40","0,00",20,1.440.008
05.4.2021,"72.001,00","72.001,00","72.001,00","72.001,00","-0,69",10,720.010
02.4.2021,"72.500,00","72.500,00","72.500,00","72.500,00","0,00",8,580.000
01.4.2021,"72.500,00","72.500,00","72.500,00","72.500,00","0,69",7,507.500
31.3.2021,"72.001,00","72.001,00","72.000,00","72.000,04","0,00",50,3.600.002
30.3.2021,"72.000,00",,,"72.000,00","0,00",0,0
29.3.2021,"72.000,00","72.000,00","72.000,00","72.000,00","0,00",22,1.584.000
26.3.2021,"72.001,00","72.001,00","72.001,00","72.001,00","0,00",30,2.160.030
25.3.2021,"72.000,00","72.000,00","72.000,00","72.000,00","-0,92",2,144.000
24.3.2021,"73.000,00","73.000,00","72.500,00","72.666,67","0,23",3,218.000
23.3.2021,"72.500,00","72.700,00","72.500,00","72.503,39","0,00",59,4.277.700
22.3.2021,"72.500,00","72.502,00","72.500,00","72.500,29","-0,40",24,1.740.007
19.3.2021,"73.000,00","73.000,00","72.700,00","72.788,24","0,14",17,1.237.400
18.3.2021,"72.700,00","72.700,00","72.500,00","72.687,42","0,43",159,11.557.300
17.3.2021,"72.500,00","72.500,00","72.001,00","72.375,25","-0,17",12,868.503
16.3.2021,"72.500,00","72.500,00","72.500,00","72.500,00","0,69",17,1.232.500
15.3.2021,"72.004,00","72.004,00","72.004,00","72.004,00","0,01",24,1.728.096
12.3.2021,"72.000,00","72.000,00","72.000,00","72.000,00","0,70",100,7.200.000
11.3.2021,"71.500,00","71.500,00","71.500,00","71.500,00","-0,66",1,71.500
10.3.2021,"72.000,00","72.000,00","71.550,00","71.977,32","-0,03",40,2.879.093
09.3.2021,"72.000,00","72.000,00","72.000,00","72.000,00","0,00",16,1.152.000
08.3.2021,"72.000,00",,,"72.000,00","0,00",0,0
05.3.2021,"72.000,00","72.000,00","72.000,00","72.000,00","0,70",35,2.520.000
04.3.2021,"71.500,00","71.500,00","71.500,00","71.500,00","-0,69",8,572.000
03.3.2021,"72.000,00","72.000,00","72.000,00","72.000,00","1,15",5,360.000
02.3.2021,"72.000,00","72.000,00","71.000,00","71.178,57","0,25",14,996.500
01.3.2021,"71.000,00","71.001,00","71.000,00","71.000,01","0,00",101,7.171.001
26.2.2021,"71.000,00","71.000,00","71.000,00","71.000,00","-2,74",1,71.000
25.2.2021,"73.000,00","73.000,00","73.000,00","73.000,00","-0,40",11,803.000
24.2.2021,"72.600,00","73.500,00","72.500,00","73.294,74","0,25",19,1.392.600
23.2.2021,"73.000,00","73.500,00","73.000,00","73.111,33","-0,53",9,658.002
22.2.2021,"73.500,00","73.500,00","73.500,00","73.500,00","-0,68",2,147.000
19.2.2021,"74.000,00","74.000,00","74.000,00","74.000,00","-0,60",10,740.000
18.2.2021,"74.000,00",,,"74.449,90","0,00",0,0
17.2.2021,"74.000,00","74.500,00","74.000,00","74.449,90","0,61",10,744.499
16.2.2021,"74.000,00",,,"74.000,00","0,00",0,0
15.2.2021,"74.000,00","74.000,00","74.000,00","74.000,00","0,39",17,16.365.600
12.2.2021,"74.000,00","74.000,00","73.500,00","73.714,29","-0,30",112,8.256.000
11.2.2021,"74.000,00","74.000,00","73.501,00","73.937,38","0,59",24,23.581.997
10.2.2021,"74.000,00","74.000,00","73.500,00","73.504,50","0,63",111,8.159.000
09.2.2021,"73.000,00","73.500,00","73.000,00","73.044,12","0,06",68,4.967.000
08.2.2021,"73.000,00","73.000,00","73.000,00","73.000,00","0,27",11,803.000
05.2.2021,"73.000,00","73.000,00","72.600,00","72.805,44","-0,27",41,2.985.023
04.2.2021,"73.000,00","73.000,00","73.000,00","73.000,00","-0,05",20,1.460.000
03.2.2021,"73.000,00","73.499,00","73.000,00","73.037,42","-0,63",40,2.921.497
02.2.2021,"73.500,00","73.500,00","73.500,00","73.500,00","0,00",1,73.500
01.2.2021,"73.500,00","73.500,00","73.500,00","73.500,00","0,00",1,73.500
29.1.2021,"73.500,00","73.500,00","73.500,00","73.500,00","-0,68",13,955.500
28.1.2021,"74.000,00","74.000,00","74.000,00","74.000,00","-0,37",3,222.000
27.1.2021,"74.500,00",,,"74.277,78","0,00",0,0
26.1.2021,"74.500,00",,,"74.277,78","0,00",0,0
25.1.2021,"74.500,00","74.500,00","74.000,00","74.277,78","0,38",18,1.337.000
22.1.2021,"74.000,00","74.000,00","74.000,00","74.000,00","0,63",7,518.000
21.1.2021,"74.500,00","74.500,00","73.010,00","73.533,91","0,47",134,9.853.544
20.1.2021,"73.002,00","74.994,00","73.000,00","73.191,87","0,26",141,10.320.054
18.1.2023,"69.000,00","69.000,00","69.000,00","69.000,00","1,17",7,483.000
17.1.2023,"68.200,00",,,"68.200,00","0,00",0,0
16.1.2023,"68.200,00",,,"68.200,00","0,00",0,0
13.1.2023,"68.200,00","68.200,00","68.200,00","68.200,00","0,00",3,204.600
12.1.2023,"68.500,00","68.500,00","67.900,00","68.200,00","2,40",6,409.200
11.1.2023,"66.600,00","66.600,00","66.600,00","66.600,00","0,15",1,66.600
10.1.2023,"66.500,00",,,"66.500,00","0,00",0,0
09.1.2023,"66.500,00","66.500,00","66.500,00","66.500,00","-2,06",1,66.500
05.1.2023,"67.900,00",,,"67.900,00","0,00",0,0
04.1.2023,"67.900,00",,,"67.900,00","0,00",0,0
03.1.2023,"67.900,00","67.900,00","67.900,00","67.900,00","0,75",7,475.300
29.12.2022,"67.500,00","67.650,00","67.000,00","67.394,06","1,19",32,2.156.610
28.12.2022,"66.600,00","66.600,00","66.600,00","66.600,00","0,21",7,466.200
27.12.2022,"66.500,00","66.500,00","66.004,00","66.461,88","0,55",26,1.728.009
26.12.2022,"66.100,00","66.101,00","66.100,00","66.100,38","-0,48",8,528.803
23.12.2022,"66.101,00","67.001,00","66.100,00","66.416,89","-2,11",37,2.457.425
22.12.2022,"67.900,00","67.900,00","67.500,00","67.850,00","1,27",8,542.800
21.12.2022,"67.002,00","67.002,00","67.002,00","67.002,00","0,00",3,201.006
20.12.2022,"67.000,00",,,"67.000,00","0,00",0,0
19.12.2022,"67.000,00","67.000,00","67.000,00","67.000,00","-1,47",4,268.000
16.12.2022,"68.000,00","68.000,00","68.000,00","68.000,00","1,49",13,884.000
15.12.2022,"67.000,00","67.000,00","67.000,00","67.000,00","0,00",9,603.000
14.12.2022,"66.998,00",,,"66.997,27","0,00",0,0
13.12.2022,"66.998,00","66.998,00","66.990,00","66.997,27","0,01",11,736.970
12.12.2022,"66.990,00","66.990,00","66.990,00","66.990,00","0,65",8,535.920
09.12.2022,"66.750,00","66.750,00","66.166,00","66.555,60","0,84",15,998.334
07.12.2022,"66.003,00","66.003,00","66.003,00","66.003,00","0,00",5,330.015
06.12.2022,"66.003,00","66.003,00","66.003,00","66.003,00","0,00",2,132.006
05.12.2022,"66.000,00",,,"66.000,00","0,00",0,0
02.12.2022,"66.000,00",,,"66.000,00","0,00",0,0
01.12.2022,"66.000,00",,,"66.000,00","0,00",0,0
30.11.2022,"66.000,00","66.000,00","66.000,00","66.000,00","0,00",9,594.000
29.11.2022,"66.000,00","66.000,00","66.000,00","66.000,00","0,30",1,66.000
28.11.2022,"65.750,00","65.850,00","65.750,00","65.800,00","-0,05",4,263.200
25.11.2022,"65.500,00","66.000,00","65.500,00","65.833,33","-0,25",3,197.500
24.11.2022,"66.000,00",,,"65.999,57","0,00",0,0
23.11.2022,"66.000,00","66.000,00","65.999,00","65.999,57","0,17",7,461.997
22.11.2022,"65.800,00","66.000,00","65.800,00","65.885,71","-0,17",7,461.200
21.11.2022,"66.000,00",,,"66.000,00","0,00",0,0
18.11.2022,"66.000,00","66.000,00","66.000,00","66.000,00","-0,33",2,132.000
17.11.2022,"66.200,00","66.500,00","66.200,00","66.218,05","-0,42",64,4.237.955
16.11.2022,"66.500,00","66.500,00","66.500,00","66.500,00","0,00",77,5.120.500
15.11.2022,"66.500,00","66.500,00","66.500,00","66.500,00","0,00",1,66.500
14.11.2022,"66.500,00","66.500,00","66.500,00","66.500,00","-1,24",5,332.500
11.11.2022,"67.100,00","67.500,00","67.100,00","67.333,25","-0,25",12,807.999
10.11.2022,"67.495,00","67.500,00","67.495,00","67.499,44","0,00",27,1.822.485
09.11.2022,"67.500,00","67.500,00","67.500,00","67.500,00","0,25",2,135.000
08.11.2022,"67.500,00",,,"67.333,33","0,00",0,0
07.11.2022,"67.500,00","67.500,00","67.000,00","67.333,33","-0,98",6,404.000
04.11.2022,"68.000,00",,,"68.000,00","0,00",0,0
03.11.2022,"68.000,00",,,"68.000,00","0,00",0,0
02.11.2022,"68.000,00",,,"68.000,00","0,00",0,0
01.11.2022,"68.000,00","68.000,00","68.000,00","68.000,00","-1,45",1,68.000
31.10.2022,"69.000,00",,,"68.999,82","0,00",0,0
28.10.2022,"69.000,00","69.000,00","68.999,00","68.999,82","-1,43",28,1.931.995
27.10.2022,"69.999,00",,,"69.999,00","0,00",0,0
26.10.2022,"69.999,00","69.999,00","69.999,00","69.999,00","4,48",7,489.993
25.10.2022,"67.000,00","67.000,00","67.000,00","67.000,00","0,00",9,603.000
21.10.2022,"67.000,00","67.000,00","67.000,00","67.000,00","0,00",1,67.000
20.10.2022,"67.000,00","67.000,00","67.000,00","67.000,00","0,25",5,335.000
19.10.2022,"66.501,00",,,"66.833,67","0,00",0,0
18.10.2022,"66.501,00","67.000,00","66.501,00","66.833,67","1,11",3,200.501
17.10.2022,"66.100,00","66.100,00","66.100,00","66.100,00","0,15",1,66.100
14.10.2022,"66.000,00",,,"66.000,00","0,00",0,0
13.10.2022,"66.000,00",,,"66.000,00","0,00",0,0
12.10.2022,"66.000,00",,,"66.000,00","0,00",0,0
10.10.2022,"66.000,00","66.000,00","66.000,00","66.000,00","-0,13",2,132.000
07.10.2022,"66.000,00",,,"66.088,31","0,00",0,0
06.10.2022,"66.000,00",,,"66.088,31","0,00",0,0
05.10.2022,"66.000,00",,,"66.088,31","0,00",0,0
04.10.2022,"66.000,00","67.000,00","66.000,00","66.088,31","-0,37",80,5.287.065
03.10.2022,"67.000,00","67.000,00","66.000,00","66.333,33","0,50",3,199.000
30.9.2022,"66.001,00","66.001,00","66.000,00","66.000,05","0,00",37,2.442.002
29.9.2022,"66.000,00","66.001,00","66.000,00","66.000,79","0,00",29,1.914.023
28.9.2022,"66.000,00",,,"66.000,00","0,00",0,0
27.9.2022,"66.000,00","66.000,00","66.000,00","66.000,00","-1,49",35,2.310.000
26.9.2022,"67.000,00","67.000,00","67.000,00","67.000,00","-1,47",3,201.000
23.9.2022,"68.000,00","68.001,00","68.000,00","68.000,92","0,00",13,884.012
22.9.2022,"68.000,00","68.000,00","68.000,00","68.000,00","0,00",33,2.244.000
21.9.2022,"68.000,00","68.000,00","68.000,00","68.000,00","-0,69",36,2.448.000
20.9.2022,"68.100,00","68.500,00","68.100,00","68.471,14","-0,07",14,958.596
19.9.2022,"68.501,00",,,"68.517,08","0,00",0,0
16.9.2022,"68.501,00","68.600,00","68.500,00","68.517,08","-0,70",12,822.205
15.9.2022,"69.000,00","69.000,00","69.000,00","69.000,00","-1,16",8,552.000
14.9.2022,"69.500,00","70.000,00","69.500,00","69.812,08","-0,03",24,1.675.490
13.9.2022,"69.999,00","69.999,00","69.500,00","69.832,42","0,31",33,2.304.470
12.9.2022,"69.799,00","69.799,00","69.500,00","69.619,60","-1,11",5,348.098
09.9.2022,"70.000,00",,,"70.400,00","0,00",0,0
07.9.2022,"70.000,00",,,"70.400,00","0,00",0,0
06.9.2022,"70.000,00","70.600,00","70.000,00","70.400,00","-0,28",9,633.600
05.9.2022,"70.600,00","70.600,00","70.600,00","70.600,00","-0,16",2,141.200
02.9.2022,"70.500,00",,,"70.714,29","0,00",0,0
01.9.2022,"70.500,00","72.000,00","70.500,00","70.714,29","-1,79",7,495.000
31.8.2022,"72.000,00",,,"72.000,00","0,00",0,0
30.8.2022,"72.000,00","72.000,00","72.000,00","72.000,00","0,00",2,144.000
29.8.2022,"72.000,00","72.000,00","72.000,00","72.000,00","-0,69",3,216.000
26.8.2022,"72.500,00",,,"72.500,00","0,00",0,0
25.8.2022,"72.500,00","72.500,00","72.500,00","72.500,00","0,69",5,362.500
24.8.2022,"72.000,00","72.000,00","72.000,00","72.000,00","0,00",7,504.000
23.8.2022,"72.000,00","72.000,00","72.000,00","72.000,00","0,05",3,216.000
22.8.2022,"72.000,00","72.000,00","71.900,00","71.966,67","-0,06",3,215.900
19.8.2022,"72.000,00","72.050,00","72.000,00","72.008,33","0,08",12,864.100
18.8.2022,"72.000,00",,,"71.949,70","0,00",0,0
17.8.2022,"72.000,00","72.000,00","71.500,00","71.949,70","0,49",50,3.597.485
16.8.2022,"72.000,00",,,"71.600,50","0,00",0,0
15.8.2022,"72.000,00",,,"71.600,50","0,00",0,15.190.000
12.8.2022,"72.000,00",,,"71.600,50","0,00",0,0
11.8.2022,"72.000,00",,,"71.600,50","0,00",0,0
10.8.2022,"72.000,00","72.000,00","71.201,00","71.600,50","0,70",4,286.402
09.8.2022,"71.000,00",,,"71.100,00","0,00",0,0
08.8.2022,"71.000,00",,,"71.100,00","0,00",0,0
05.8.2022,"71.000,00",,,"71.100,00","0,00",0,0
04.8.2022,"71.000,00",,,"71.100,00","0,00",0,0
03.8.2022,"71.000,00","72.000,00","71.000,00","71.100,00","-1,25",10,711.000
01.8.2022,"72.000,00",,,"71.999,76","0,00",0,0
29.7.2022,"72.000,00","72.000,00","71.999,00","71.999,76","2,86",21,1.511.995
28.7.2022,"69.999,00","69.999,00","69.999,00","69.999,00","0,00",3,209.997
27.7.2022,"70.000,00","70.000,00","70.000,00","70.000,00","-0,01",3,210.000
26.7.2022,"70.001,00","70.005,00","70.001,00","70.003,67","-1,30",3,210.011
25.7.2022,"71.000,00",,,"70.922,86","0,00",0,0
22.7.2022,"71.000,00",,,"70.922,86","0,00",0,0
21.7.2022,"71.000,00","71.000,00","70.900,00","70.922,86","1,32",35,2.482.300
20.7.2022,"70.000,00","70.000,00","69.985,00","69.997,33","0,50",45,3.149.880
19.7.2022,"69.800,00","69.800,00","69.001,00","69.650,19","0,94",16,1.114.403
18.7.2022,"69.000,00","69.000,00","69.000,00","69.000,00","0,00",15,1.035.000
15.7.2022,"69.000,00","69.000,00","69.000,00","69.000,00","-0,06",4,276.000
14.7.2022,"69.800,00","69.800,00","68.502,00","69.038,10","-0,74",29,2.002.105
13.7.2022,"69.009,00",,,"69.550,89","0,00",0,0
12.7.2022,"69.009,00","69.985,00","69.009,00","69.550,89","-0,76",9,625.958
11.7.2022,"70.000,00","70.500,00","70.000,00","70.083,33","-0,70",12,841.000
08.7.2022,"70.511,00","70.899,00","70.501,00","70.574,27","-0,10",11,776.317
07.7.2022,"70.700,00","70.700,00","70.501,00","70.643,14","-0,41",7,494.502
06.7.2022,"70.500,00",,,"70.937,50","0,00",0,0
05.7.2022,"70.500,00","71.000,00","70.500,00","70.937,50","-0,08",16,1.135.000
04.7.2022,"71.000,00","71.000,00","70.990,00","70.992,86","-0,01",7,496.950
01.7.2022,"71.000,00",,,"71.000,00","0,00",0,0
30.6.2022,"71.000,00",,,"71.000,00","0,00",0,0
29.6.2022,"71.000,00","71.000,00","71.000,00","71.000,00","0,00",11,781.000
28.6.2022,"71.000,00","71.000,00","71.000,00","71.000,00","0,00",4,284.000
27.6.2022,"71.000,00","71.000,00","71.000,00","71.000,00","0,06",12,852.000
24.6.2022,"71.000,00","71.000,00","70.001,00","70.958,36","1,36",36,2.554.501
23.6.2022,"70.002,00","70.010,00","70.002,00","70.006,00","0,01",4,280.024
22.6.2022,"70.000,00",,,"70.000,00","0,00",0,0
21.6.2022,"70.000,00","70.000,00","70.000,00","70.000,00","-0,72",2,140.000
20.6.2022,"70.505,00","70.505,00","70.505,00","70.505,00","-4,29",2,141.010
17.6.2022,"73.100,00","74.000,00","73.100,00","73.666,67","1,19",18,1.326.000
16.6.2022,"72.802,00","72.802,00","72.800,00","72.800,83","-0,09",12,873.610
15.6.2022,"73.000,00","73.000,00","72.501,00","72.863,91","-0,87",11,15.201.503
14.6.2022,"73.500,00","73.500,00","73.500,00","73.500,00","-0,78",4,294.000
13.6.2022,"74.299,00","74.299,00","74.000,00","74.078,68","-0,36",19,1.407.495
09.6.2022,"74.400,00","74.401,00","74.000,00","74.348,26","-0,07",23,1.710.010
08.6.2022,"74.401,00","74.401,00","74.401,00","74.401,00","-0,07",100,7.440.100
07.6.2022,"74.450,00","74.450,00","74.450,00","74.450,00","-0,04",2,148.900
06.6.2022,"74.998,00","75.000,00","74.400,00","74.479,33","-0,69",63,4.692.198
03.6.2022,"75.000,00","75.000,00","75.000,00","75.000,00","0,00",11,825.000
02.6.2022,"75.000,00",,,"75.000,00","0,00",0,0
01.6.2022,"75.000,00","75.000,00","75.000,00","75.000,00","0,00",9,675.000
31.5.2022,"75.000,00","75.000,00","75.000,00","75.000,00","0,00",1,8.363.000
30.5.2022,"75.000,00",,,"75.000,00","0,00",0,0
27.5.2022,"75.000,00","75.000,00","75.000,00","75.000,00","-1,32",35,2.625.000
26.5.2022,"76.000,00","76.000,00","76.000,00","76.000,00","-0,04",3,228.000
25.5.2022,"76.000,00",,,"76.033,33","0,00",0,0
23.5.2022,"76.000,00","76.100,00","76.000,00","76.033,33","0,04",6,456.200
20.5.2022,"76.000,00",,,"76.000,00","0,00",0,0
19.5.2022,"76.000,00",,,"76.000,00","0,00",0,0
18.5.2022,"76.000,00","76.000,00","76.000,00","76.000,00","0,00",12,912.000
17.5.2022,"76.000,00","76.000,00","76.000,00","76.000,00","-2,36",5,380.000
16.5.2022,"77.999,00",,,"77.832,67","0,00",0,0
13.5.2022,"77.999,00","77.999,00","77.500,00","77.832,67","-0,21",30,2.334.980
12.5.2022,"78.000,00","78.000,00","78.000,00","78.000,00","-0,13",10,780.000
11.5.2022,"78.100,00","78.100,00","78.100,00","78.100,00","0,13",3,234.300
10.5.2022,"78.000,00","78.000,00","78.000,00","78.000,00","0,11",16,1.248.000
09.5.2022,"77.500,00","78.000,00","77.500,00","77.916,67","-0,15",12,935.000
06.5.2022,"78.001,00","78.500,00","78.000,00","78.031,72","-1,23",32,2.497.015
05.5.2022,"79.000,00","79.002,00","78.999,00","79.001,21","0,00",71,5.609.086
04.5.2022,"79.000,00","79.000,00","79.000,00","79.000,00","-0,96",7,553.000
03.5.2022,"79.500,00","80.000,00","79.500,00","79.766,67","0,18",6,478.600
29.4.2022,"80.000,00","80.000,00","77.000,00","79.620,00","5,07",25,1.990.500
28.4.2022,"76.000,00","76.000,00","74.500,00","75.775,00","1,71",20,1.515.500
27.4.2022,"74.500,00","74.500,00","74.500,00","74.500,00","0,87",22,1.639.000
26.4.2022,"74.000,00","74.000,00","73.500,00","73.857,14","0,71",14,1.034.000
21.4.2022,"73.500,00","73.500,00","72.500,00","73.333,00","1,15",6,439.998
20.4.2022,"72.500,00","72.500,00","72.500,00","72.500,00","0,00",1,72.500
19.4.2022,"72.500,00","72.500,00","72.500,00","72.500,00","-1,06",5,362.500
18.4.2022,"73.500,00","73.500,00","72.600,00","73.276,00","0,86",25,1.831.900
15.4.2022,"72.500,00",,,"72.650,00","0,00",0,0
14.4.2022,"72.500,00","73.000,00","72.500,00","72.650,00","0,21",10,726.500
13.4.2022,"72.501,00","72.501,00","72.500,00","72.500,97","-1,28",59,4.277.557
12.4.2022,"73.000,00","73.500,00","73.000,00","73.444,44","-0,08",9,661.000
11.4.2022,"73.500,00","73.500,00","73.499,00","73.499,59","0,00",29,2.131.488
08.4.2022,"73.500,00",,,"73.500,00","0,00",0,0
07.4.2022,"73.500,00","73.500,00","73.500,00","73.500,00","0,00",48,3.528.000
06.4.2022,"73.500,00","73.500,00","73.500,00","73.500,00","0,17",7,514.500
05.4.2022,"73.500,00","73.500,00","72.998,00","73.374,93","1,21",28,2.054.498
04.4.2022,"72.500,00","72.500,00","72.500,00","72.500,00","-1,37",5,362.500
01.4.2022,"73.500,00",,,"73.503,33","0,00",0,0
31.3.2022,"73.500,00","73.510,00","73.500,00","73.503,33","-0,67",6,441.020
30.3.2022,"74.000,00","74.000,00","73.999,00","73.999,20","0,68",5,369.996
29.3.2022,"73.500,00","73.500,00","73.500,00","73.500,00","0,09",1,73.500
28.3.2022,"73.500,00",,,"73.430,62","0,00",0,0
25.3.2022,"73.500,00","73.500,00","72.400,00","73.430,62","-0,09",16,1.174.890
24.3.2022,"73.500,00",,,"73.500,18","0,00",0,0
23.3.2022,"73.500,00","73.505,00","73.499,00","73.500,18","-0,07",22,1.617.004
22.3.2022,"73.555,00","73.600,00","73.510,00","73.555,00","0,07",18,1.323.990
21.3.2022,"73.500,00","73.500,00","73.500,00","73.500,00","0,27",10,735.000
18.3.2022,"73.500,00","73.500,00","73.100,00","73.300,00","0,27",4,293.200
17.3.2022,"73.100,00","73.100,00","73.100,00","73.100,00","2,75",2,146.200
16.3.2022,"72.000,00","72.000,00","70.898,00","71.143,89","1,63",18,1.280.590
15.3.2022,"70.001,00","70.001,00","70.001,00","70.001,00","-1,27",1,70.001
14.3.2022,"70.900,00",,,"70.900,00","0,00",0,0
11.3.2022,"70.900,00","70.900,00","70.900,00","70.900,00","0,00",2,141.800
10.3.2022,"70.900,00",,,"70.900,00","0,00",0,0
09.3.2022,"70.900,00","70.900,00","70.900,00","70.900,00","1,03",1,70.900
08.3.2022,"70.900,00",,,"70.180,00","0,00",0,0
07.3.2022,"70.900,00","70.900,00","70.000,00","70.180,00","0,26",5,350.900
04.3.2022,"70.000,00","70.000,00","70.000,00","70.000,00","1,16",19,1.330.000
03.3.2022,"69.200,00","69.200,00","69.200,00","69.200,00","0,14",2,138.400
02.3.2022,"69.101,00","69.101,00","69.101,00","69.101,00","1,30",7,483.707
01.3.2022,"69.990,00",,,"68.216,67","0,00",0,0
28.2.2022,"69.990,00","69.990,00","68.000,00","68.216,67","-1,13",21,1.432.550
25.2.2022,"70.000,00","70.000,00","68.500,00","68.993,29","0,87",14,965.906
24.2.2022,"68.400,00","68.400,00","68.400,00","68.400,00","-10,00",13,889.200
23.2.2022,"76.000,00",,,"76.000,00","0,00",0,0
22.2.2022,"76.000,00",,,"76.000,00","0,00",0,0
21.2.2022,"76.000,00","76.000,00","76.000,00","76.000,00","0,00",48,3.648.000
18.2.2022,"76.000,00","76.000,00","76.000,00","76.000,00","-1,30",30,2.280.000
17.2.2022,"76.999,00",,,"76.999,00","0,00",0,0
16.2.2022,"76.999,00","76.999,00","76.999,00","76.999,00","0,00",2,153.998
15.2.2022,"77.000,00","77.000,00","77.000,00","77.000,00","0,00",21,1.617.000
14.2.2022,"77.003,00","77.003,00","77.003,00","77.003,00","-0,64",5,385.015
11.2.2022,"77.500,00","77.500,00","77.500,00","77.500,00","-0,03",14,1.085.000
10.2.2022,"77.500,00","78.001,00","77.003,00","77.520,72","-0,61",25,1.938.018
09.2.2022,"78.000,00","78.000,00","78.000,00","78.000,00","0,28",16,1.248.000
08.2.2022,"78.000,00","78.000,00","77.501,00","77.780,41","1,01",34,2.644.534
07.2.2022,"77.000,00","77.000,00","77.000,00","77.000,00","0,00",8,616.000
04.2.2022,"77.000,00",,,"77.000,01","0,00",0,0
03.2.2022,"77.000,00","77.001,00","77.000,00","77.000,01","0,00",199,15.323.002
02.2.2022,"77.000,00","77.001,00","77.000,00","77.000,15","0,00",40,3.080.006
01.2.2022,"77.000,00","77.000,00","77.000,00","77.000,00","0,00",3,231.000
31.1.2022,"77.000,00","77.000,00","77.000,00","77.000,00","0,00",5,385.000
28.1.2022,"77.000,00","77.000,00","77.000,00","77.000,00","0,35",2,154.000
27.1.2022,"76.301,00","78.000,00","76.000,00","76.730,10","1,09",10,767.301
26.1.2022,"76.000,00","76.000,00","75.000,00","75.900,00","-0,55",10,759.000
25.1.2022,"76.000,00","77.500,00","75.560,00","76.317,95","-2,03",39,2.976.400
24.1.2022,"77.500,00","78.001,00","77.500,00","77.896,04","-0,77",48,3.739.010
21.1.2022,"78.500,00","78.500,00","78.500,00","78.500,00","-0,38",34,2.669.000
20.1.2022,"78.800,00","78.800,00","78.750,00","78.798,03","0,00",38,2.994.325
18.1.2024,"64.500,00","64.500,00","64.500,00","64.500,00","0,78",10,645.000
17.1.2024,"64.000,00","64.000,00","64.000,00","64.000,00","0,00",13,832.000
16.1.2024,"64.000,00","64.000,00","64.000,00","64.000,00","0,77",2,128.000
15.1.2024,"63.500,00","63.560,00","63.500,00","63.510,00","-2,08",11,698.610
12.1.2024,"65.000,00","65.000,00","64.500,00","64.857,14","-0,22",14,908.000
11.1.2024,"65.000,00",,,"65.000,00","0,00",0,0
10.1.2024,"65.000,00","65.000,00","65.000,00","65.000,00","0,00",6,390.000
09.1.2024,"65.000,00","65.000,00","65.000,00","65.000,00","0,00",2,130.000
05.1.2024,"65.000,00","65.000,00","65.000,00","65.000,00","0,04",26,1.690.000
04.1.2024,"65.000,00","65.000,00","64.010,00","64.972,50","-0,04",36,2.339.010
03.1.2024,"65.000,00","65.000,00","64.997,00","64.997,57","0,97",30,1.949.927
02.1.2024,"64.375,00","64.375,00","64.375,00","64.375,00","0,00",10,643.750
28.12.2023,"64.500,00","64.501,00","64.000,00","64.375,50","-0,96",8,515.004
27.12.2023,"64.998,00","64.998,00","64.997,00","64.997,44","0,00",27,1.754.931
26.12.2023,"64.999,00","64.999,00","64.999,00","64.999,00","2,36",22,1.429.978
25.12.2023,"63.500,00","63.500,00","63.500,00","63.500,00","-1,85",1,63.500
22.12.2023,"64.700,00","64.700,00","64.700,00","64.700,00","-0,68",4,258.800
21.12.2023,"65.000,00","65.500,00","65.000,00","65.145,00","0,24",40,2.605.800
20.12.2023,"65.000,00","65.000,00","64.899,00","64.989,63","0,01",71,4.614.264
19.12.2023,"64.980,00","64.980,00","64.980,00","64.980,00","-0,02",3,194.940
18.12.2023,"64.990,00","64.990,00","64.990,00","64.990,00","0,00",2,129.980
15.12.2023,"64.990,00","64.990,00","64.990,00","64.990,00","0,45",15,974.850
14.12.2023,"64.500,00","65.000,00","64.500,00","64.700,00","0,93",10,647.000
13.12.2023,"64.100,00","64.101,00","64.100,00","64.100,85","0,17",102,6.538.287
12.12.2023,"64.000,00",,,"63.990,00","0,00",0,0
11.12.2023,"64.000,00","64.000,00","63.900,00","63.990,00","0,10",10,639.900
07.12.2023,"63.850,00","64.000,00","63.850,00","63.925,00","0,04",4,255.700
06.12.2023,"63.900,00","63.900,00","63.900,00","63.900,00","0,00",2,127.800
05.12.2023,"63.900,00","63.900,00","63.900,00","63.900,00","0,16",3,191.700
04.12.2023,"63.800,00","63.800,00","63.800,00","63.800,00","-0,26",1,63.800
01.12.2023,"64.500,00","64.500,00","63.700,00","63.966,77","-0,94",30,1.919.003
30.11.2023,"65.000,00",,,"64.576,92","0,00",0,0
29.11.2023,"65.000,00","65.000,00","64.500,00","64.576,92","-0,30",13,839.500
28.11.2023,"64.000,00","65.000,00","64.000,00","64.769,23","-1,12",13,842.000
27.11.2023,"65.500,00","65.500,00","65.500,00","65.500,00","0,00",3,196.500
24.11.2023,"65.500,00","65.500,00","65.500,00","65.500,00","2,93",17,1.113.500
23.11.2023,"64.000,00","64.000,00","63.001,00","63.636,73","0,90",11,700.004
22.11.2023,"63.000,00","63.201,00","63.000,00","63.071,52","-1,06",21,1.324.502
21.11.2023,"63.500,00","64.000,00","63.500,00","63.750,00","0,39",2,127.500
20.11.2023,"63.500,00","63.500,00","63.500,00","63.500,00","0,00",4,254.000
17.11.2023,"63.500,00","63.500,00","63.500,00","63.500,00","0,79",16,1.016.000
16.11.2023,"63.010,00","63.010,00","63.000,00","63.001,11","0,59",9,567.010
15.11.2023,"62.701,00","62.701,00","62.600,00","62.633,67","-0,76",3,187.901
14.11.2023,"63.000,00","63.500,00","63.000,00","63.114,00","-0,58",16,1.009.824
13.11.2023,"63.500,00","63.500,00","63.200,00","63.485,00","-0,80",20,1.269.700
10.11.2023,"64.000,00","64.000,00","64.000,00","64.000,00","1,01",2,128.000
09.11.2023,"64.000,00","64.000,00","63.000,00","63.362,79","0,38",14,887.079
08.11.2023,"63.121,00","63.121,00","63.121,00","63.121,00","-1,37",3,189.363
07.11.2023,"64.000,00",,,"64.000,00","0,00",0,0
06.11.2023,"64.000,00",,,"64.000,00","0,00",0,0
03.11.2023,"64.000,00","64.000,00","64.000,00","64.000,00","0,00",9,576.000
02.11.2023,"64.000,00","64.000,00","64.000,00","64.000,00","0,00",35,2.240.000
01.11.2023,"64.000,00","64.000,00","64.000,00","64.000,00","-0,04",19,1.216.000
31.10.2023,"64.500,00","64.500,00","64.000,00","64.028,57","0,02",35,2.241.000
30.10.2023,"64.000,00","64.111,00","64.000,00","64.013,88","-0,50",8,512.111
27.10.2023,"64.200,00","65.000,00","64.020,00","64.335,56","-1,02",9,579.020
26.10.2023,"65.000,00","65.000,00","65.000,00","65.000,00","0,00",10,650.000
25.10.2023,"65.000,00","65.000,00","65.000,00","65.000,00","-2,99",1,65.000
24.10.2023,"67.000,00","67.000,00","67.000,00","67.000,00","-2,83",2,134.000
20.10.2023,"68.949,00","68.949,00","68.949,00","68.949,00","1,40",4,275.796
19.10.2023,"67.999,00","67.999,00","67.999,00","67.999,00","0,79",4,271.996
18.10.2023,"66.930,00","68.000,00","66.930,00","67.465,00","-2,22",2,134.930
17.10.2023,"68.999,00","68.999,00","68.999,00","68.999,00","-0,36",3,206.997
16.10.2023,"68.999,00",,,"69.247,27","0,00",0,0
13.10.2023,"68.999,00",,,"69.247,27","0,00",0,0
12.10.2023,"68.999,00",,,"69.247,27","0,00",0,0
10.10.2023,"68.999,00","69.449,00","68.998,00","69.247,27","-0,36",60,4.154.836
09.10.2023,"69.499,00","69.499,00","69.499,00","69.499,00","0,49",4,277.996
06.10.2023,"69.157,00","69.157,00","69.157,00","69.157,00","3,00",6,414.942
05.10.2023,"67.258,00","67.258,00","66.000,00","67.143,64","2,82",11,738.580
04.10.2023,"65.300,00","65.300,00","65.300,00","65.300,00","0,13",3,195.900
03.10.2023,"65.250,00","65.250,00","65.200,00","65.214,29","0,22",7,456.500
02.10.2023,"65.250,00","65.250,00","65.000,00","65.071,43","-0,27",7,455.500
29.9.2023,"65.250,00","65.250,00","65.250,00","65.250,00","-0,08",2,130.500
28.9.2023,"65.300,00","65.300,00","65.300,00","65.300,00","0,67",3,195.900
27.9.2023,"64.000,00","65.300,00","64.000,00","64.866,33","-0,66",3,194.599
26.9.2023,"65.300,00","65.300,00","65.300,00","65.300,00","0,00",4,261.200
25.9.2023,"65.300,00","65.300,00","65.299,00","65.299,83","0,00",6,391.799
22.9.2023,"65.300,00","65.300,00","65.300,00","65.300,00","0,00",14,914.200
21.9.2023,"65.300,00","65.300,00","65.300,00","65.300,00","0,00",7,457.100
20.9.2023,"65.300,00","65.300,00","65.299,00","65.299,50","0,46",10,652.995
19.9.2023,"65.000,00","65.000,00","65.000,00","65.000,00","0,78",3,195.000
18.9.2023,"64.500,00","64.500,00","64.500,00","64.500,00","0,00",10,645.000
15.9.2023,"64.500,00","64.500,00","64.500,00","64.500,00","0,00",1,64.500
14.9.2023,"64.500,00","64.500,00","64.500,00","64.500,00","-1,23",30,1.935.000
13.9.2023,"65.300,00","65.301,00","65.300,00","65.300,25","0,46",20,1.306.005
12.9.2023,"65.001,00","65.002,00","65.000,00","65.001,17","0,00",6,390.007
11.9.2023,"65.000,00",,,"65.000,00","0,00",0,0
07.9.2023,"65.000,00",,,"65.000,00","0,00",0,0
06.9.2023,"65.000,00","65.000,00","65.000,00","65.000,00","-1,52",2,130.000
05.9.2023,"66.000,00",,,"66.000,00","0,00",0,0
04.9.2023,"66.000,00","66.000,00","66.000,00","66.000,00","-0,08",15,990.000
01.9.2023,"66.000,00","66.500,00","66.000,00","66.050,00","0,08",10,660.500
31.8.2023,"66.000,00","66.000,00","66.000,00","66.000,00","0,00",5,330.000
30.8.2023,"66.000,00","66.000,00","66.000,00","66.000,00","2,04",20,7.946.500
29.8.2023,"65.000,00","65.000,00","64.000,00","64.681,82","1,07",22,1.423.000
25.8.2023,"63.999,00",,,"63.999,82","0,00",0,0
24.8.2023,"63.999,00","64.000,00","63.999,00","63.999,82","0,00",28,1.791.995
23.8.2023,"63.998,00","63.998,00","63.998,00","63.998,00","0,78",5,319.990
22.8.2023,"63.500,00","63.500,00","63.500,00","63.500,00","0,47",1,63.500
21.8.2023,"63.510,00",,,"63.201,53","0,00",0,0
18.8.2023,"63.510,00","63.510,00","63.000,00","63.201,53","-0,49",15,948.023
17.8.2023,"63.510,00",,,"63.510,20","0,00",0,0
16.8.2023,"63.510,00","63.511,00","63.510,00","63.510,20","-0,01",5,317.551
15.8.2023,"63.515,00","63.516,00","63.515,00","63.515,33","-0,76",15,952.730
14.8.2023,"63.999,00",,,"63.999,83","0,00",0,0
11.8.2023,"63.999,00","64.000,00","63.999,00","63.999,83","-1,54",6,383.999
10.8.2023,"65.000,00","65.000,00","65.000,00","65.000,00","1,56",1,65.000
09.8.2023,"64.000,00",,,"64.000,00","0,00",0,0
08.8.2023,"64.000,00","64.000,00","64.000,00","64.000,00","0,00",9,576.000
07.8.2023,"64.000,00","64.000,00","64.000,00","64.000,00","-1,54",3,192.000
04.8.2023,"65.000,00",,,"65.000,00","0,00",0,0
03.8.2023,"65.000,00",,,"65.000,00","0,00",0,0
01.8.2023,"65.000,00","65.000,00","65.000,00","65.000,00","-0,12",7,455.000
31.7.2023,"65.000,00",,,"65.080,40","0,00",0,0
28.7.2023,"65.000,00",,,"65.080,40","0,00",0,0
27.7.2023,"65.000,00",,,"65.080,40","0,00",0,0
26.7.2023,"65.000,00","65.101,00","65.000,00","65.080,40","-0,03",5,325.402
25.7.2023,"65.100,00",,,"65.100,00","0,00",0,0
24.7.2023,"65.100,00","65.100,00","65.100,00","65.100,00","0,00",10,651.000
21.7.2023,"65.100,00",,,"65.100,00","0,00",0,0
20.7.2023,"65.100,00",,,"65.100,00","0,00",0,0
19.7.2023,"65.100,00","65.100,00","65.100,00","65.100,00","0,15",16,1.041.600
18.7.2023,"65.000,00","65.000,00","65.000,00","65.000,00","-0,73",1,8.968.520
17.7.2023,"65.000,00",,,"65.475,81","0,00",0,0
14.7.2023,"65.000,00",,,"65.475,81","0,00",0,0
13.7.2023,"65.000,00","65.500,00","65.000,00","65.475,81","0,73",248,16.238.001
12.7.2023,"65.000,00","65.000,00","65.000,00","65.000,00","-1,51",4,260.000
11.7.2023,"65.997,00",,,"65.997,00","0,00",0,0
10.7.2023,"65.997,00",,,"65.997,00","0,00",0,0
07.7.2023,"65.997,00","65.997,00","65.997,00","65.997,00","0,00",6,395.982
06.7.2023,"65.997,00","65.997,00","65.997,00","65.997,00","0,00",3,197.991
05.7.2023,"66.000,00","66.000,00","65.998,00","65.999,47","0,01",17,1.121.991
04.7.2023,"66.000,00","66.000,00","65.949,00","65.993,29","0,09",24,1.583.839
03.7.2023,"66.000,00",,,"65.932,10","0,00",0,0
30.6.2023,"66.000,00","66.000,00","65.850,00","65.932,10","3,67",20,1.318.642
29.6.2023,"63.600,00","63.600,00","63.600,00","63.600,00","-3,64",1,63.600
28.6.2023,"66.000,00","66.000,00","66.000,00","66.000,00","0,18",1,66.000
27.6.2023,"66.000,00","66.000,00","65.000,00","65.882,35","1,53",34,2.240.000
26.6.2023,"65.000,00","65.000,00","64.000,00","64.888,89","3,00",18,1.168.000
23.6.2023,"63.000,00","63.000,00","63.000,00","63.000,00","0,00",6,378.000
22.6.2023,"63.001,00","63.002,00","63.000,00","63.000,75","-0,08",12,756.009
21.6.2023,"63.050,00","63.050,00","63.050,00","63.050,00","0,00",2,126.100
20.6.2023,"63.050,00","63.050,00","63.050,00","63.050,00","-3,00",1,63.050
19.6.2023,"65.000,00","65.000,00","65.000,00","65.000,00","-2,99",2,130.000
16.6.2023,"67.000,00",,,"67.000,00","0,00",0,0
15.6.2023,"67.000,00","67.000,00","67.000,00","67.000,00","0,00",22,1.474.000
14.6.2023,"67.000,00","67.000,00","67.000,00","67.000,00","0,00",10,670.000
13.6.2023,"67.000,00","67.000,00","66.999,00","66.999,62","0,00",16,1.071.994
12.6.2023,"67.000,00","67.000,00","67.000,00","67.000,00","0,00",5,335.000
09.6.2023,"67.000,00","67.000,00","67.000,00","67.000,00","-0,37",1,67.000
08.6.2023,"67.000,00",,,"67.250,00","0,00",0,0
07.6.2023,"67.000,00","67.500,00","67.000,00","67.250,00","-0,37",2,134.500
06.6.2023,"67.500,00","67.500,00","67.500,00","67.500,00","-0,25",7,472.500
05.6.2023,"67.500,00","67.999,00","67.500,00","67.666,33","-0,49",3,202.999
01.6.2023,"68.000,00","68.000,00","68.000,00","68.000,00","0,00",4,272.000
31.5.2023,"68.000,00","68.000,00","68.000,00","68.000,00","0,00",1,68.000
30.5.2023,"68.000,00","68.000,00","68.000,00","68.000,00","0,00",6,408.000
29.5.2023,"68.001,00","68.001,00","68.001,00","68.001,00","-1,59",50,3.400.050
26.5.2023,"69.100,00","69.100,00","69.100,00","69.100,00","0,08",25,1.727.500
25.5.2023,"69.100,00","69.100,00","68.500,00","69.045,45","0,00",33,2.278.500
23.5.2023,"69.500,00",,,"69.045,45","0,00",0,0
22.5.2023,"69.500,00",,,"69.045,45","0,00",0,0
19.5.2023,"69.500,00","69.500,00","69.000,00","69.045,45","-0,11",22,1.519.000
18.5.2023,"69.100,00","69.200,00","69.100,00","69.122,26","1,58",27,1.866.301
17.5.2023,"68.050,00",,,"68.050,00","0,00",0,0
16.5.2023,"68.050,00","68.050,00","68.050,00","68.050,00","1,26",2,136.100
15.5.2023,"67.200,00",,,"67.200,00","0,00",0,0
12.5.2023,"67.200,00","67.200,00","67.200,00","67.200,00","0,30",2,134.400
11.5.2023,"67.002,00",,,"67.001,83","0,00",0,0
10.5.2023,"67.002,00","67.004,00","67.000,00","67.001,83","-2,71",12,804.022
09.5.2023,"68.870,00",,,"68.870,00","0,00",0,0
08.5.2023,"68.870,00","68.870,00","68.870,00","68.870,00","-3,00",2,137.740
05.5.2023,"71.000,00",,,"71.000,00","0,00",0,0
04.5.2023,"71.000,00",,,"71.000,00","0,00",0,0
03.5.2023,"71.000,00",,,"71.000,00","0,00",0,0
02.5.2023,"71.000,00","71.000,00","71.000,00","71.000,00","0,00",2,142.000
28.4.2023,"71.000,00","71.000,00","71.000,00","71.000,00","0,71",21,1.491.000
27.4.2023,"70.500,00","70.500,00","70.500,00","70.500,00","2,92",3,211.500
26.4.2023,"68.500,00","68.500,00","68.500,00","68.500,00","0,74",1,68.500
25.4.2023,"68.000,00","68.000,00","67.998,00","67.999,60","1,49",10,679.996
24.4.2023,"67.001,00","67.001,00","67.001,00","67.001,00","-0,58",4,268.004
20.4.2023,"67.000,00","67.500,00","67.000,00","67.389,74","-0,16",39,2.628.200
19.4.2023,"67.500,00","67.500,00","67.500,00","67.500,00","-0,74",11,742.500
18.4.2023,"68.000,00",,,"68.000,00","0,00",0,0
13.4.2023,"68.000,00","68.000,00","68.000,00","68.000,00","-0,73",2,136.000
12.4.2023,"68.500,00","68.500,00","68.500,00","68.500,00","0,74",1,68.500
11.4.2023,"68.000,00","68.000,00","68.000,00","68.000,00","-0,37",3,204.000
10.4.2023,"68.500,00","68.500,00","68.000,00","68.250,00","1,84",20,1.365.000
07.4.2023,"67.000,00","67.100,00","67.000,00","67.018,75","-0,02",16,1.072.300
06.4.2023,"67.001,00","67.200,00","67.000,00","67.033,80","0,05",30,2.011.014
05.4.2023,"67.000,00","67.000,00","67.000,00","67.000,00","-1,47",4,268.000
04.4.2023,"68.000,00","68.000,00","68.000,00","68.000,00","1,49",3,204.000
03.4.2023,"67.000,00","67.000,00","67.000,00","67.000,00","0,64",4,268.000
31.3.2023,"67.000,00",,,"66.572,29","0,00",0,0
30.3.2023,"67.000,00","67.000,00","66.501,00","66.572,29","-0,08",14,932.012
29.3.2023,"66.501,00","67.000,00","66.501,00","66.628,00","0,19",12,799.536
28.3.2023,"66.500,00","66.500,00","66.500,00","66.500,00","-1,24",5,332.500
27.3.2023,"67.500,00","67.500,00","67.000,00","67.333,33","1,25",6,404.000
24.3.2023,"66.500,00","66.502,00","66.500,00","66.500,56","-0,37",9,598.505
23.3.2023,"66.750,00","66.750,00","66.750,00","66.750,00","0,53",8,534.000
22.3.2023,"66.500,00","66.500,00","66.000,00","66.400,00","-0,35",5,332.000
21.3.2023,"66.500,00","66.999,00","66.500,00","66.635,57","-0,54",7,466.449
20.3.2023,"67.000,00","67.000,00","67.000,00","67.000,00","0,75",1,67.000
17.3.2023,"66.503,00",,,"66.503,00","0,00",0,0
16.3.2023,"66.503,00","66.503,00","66.503,00","66.503,00","-1,23",1,66.503
15.3.2023,"66.501,00","68.000,00","66.501,00","67.334,00","-1,08",9,606.006
14.3.2023,"68.000,00",,,"68.066,67","0,00",0,0
13.3.2023,"68.000,00","68.100,00","68.000,00","68.066,67","0,10",3,204.200
10.3.2023,"68.000,00","68.001,00","68.000,00","68.000,20","-1,45",5,340.001
09.3.2023,"69.000,00","69.000,00","69.000,00","69.000,00","0,00",5,345.000
08.3.2023,"69.000,00","69.000,00","69.000,00","69.000,00","0,00",2,138.000
07.3.2023,"69.000,00","69.000,00","69.000,00","69.000,00","0,00",8,552.000
06.3.2023,"69.000,00","69.000,00","69.000,00","69.000,00","0,00",17,1.173.000
03.3.2023,"69.000,00",,,"69.000,00","0,00",0,0
02.3.2023,"69.000,00","69.000,00","69.000,00","69.000,00","2,11",3,207.000
01.3.2023,"68.000,00","68.000,00","67.000,00","67.571,43","0,85",7,473.000
28.2.2023,"67.000,00","67.000,00","67.000,00","67.000,00","0,00",2,134.000
27.2.2023,"67.000,00","67.000,00","67.000,00","67.000,00","1,90",1,67.000
24.2.2023,"66.000,00","66.000,00","65.500,00","65.750,00","0,66",2,131.500
23.2.2023,"65.000,00","66.000,00","65.000,00","65.316,42","-1,04",19,1.241.012
22.2.2023,"66.000,00","66.000,00","66.000,00","66.000,00","0,00",2,132.000
21.2.2023,"66.000,00","66.000,00","66.000,00","66.000,00","-0,75",4,264.000
20.2.2023,"66.500,00","66.500,00","66.500,00","66.500,00","0,09",2,133.000
17.2.2023,"66.000,00",,,"66.443,48","0,00",0,0
16.2.2023,"66.000,00","67.000,00","66.000,00","66.443,48","0,67",23,1.528.200
15.2.2023,"66.002,00","66.002,00","66.002,00","66.002,00","-1,50",3,198.006
14.2.2023,"67.011,00","67.018,00","67.000,00","67.005,00","-1,46",31,2.077.155
13.2.2023,"68.000,00",,,"68.000,00","0,00",0,0
10.2.2023,"68.000,00","68.000,00","68.000,00","68.000,00","0,00",6,408.000
09.2.2023,"68.001,00","68.001,00","68.000,00","68.000,33","0,00",3,204.001
08.2.2023,"68.000,00","68.000,00","68.000,00","68.000,00","0,00",11,748.000
07.2.2023,"68.000,00","68.000,00","67.999,00","67.999,79","0,16",14,951.997
06.2.2023,"68.000,00",,,"67.890,00","0,00",0,0
03.2.2023,"68.000,00","68.000,00","67.560,00","67.890,00","-0,08",4,271.560
02.2.2023,"67.500,00",,,"67.944,44","0,00",0,0
01.2.2023,"67.500,00","68.000,00","67.500,00","67.944,44","-0,08",9,611.500
31.1.2023,"68.000,00","68.000,00","68.000,00","68.000,00","0,15",1,68.000
30.1.2023,"67.900,00","67.900,00","67.900,00","67.900,00","-3,00",2,135.800
27.1.2023,"69.999,00","69.999,00","69.999,00","69.999,00","4,32",3,209.997
26.1.2023,"67.100,00",,,"67.100,00","0,00",0,0
25.1.2023,"67.100,00",,,"67.100,00","0,00",0,0
24.1.2023,"67.100,00",,,"67.100,00","0,00",0,0
23.1.2023,"67.100,00","67.100,00","67.100,00","67.100,00","-2,75",3,201.300
20.1.2023,"69.000,00",,,"69.000,00","0,00",0,0
17.1.2025,"109.000,00","109.009,00","107.560,00","108.644,50","9,63",56,6.084.092
16.1.2025,"104.501,00","104.501,00","95.500,00","99.099,96","4,31",25,2.477.499
15.1.2025,"95.001,00","95.001,00","95.001,00","95.001,00","0,20",22,2.090.022
14.1.2025,"95.000,00","95.000,00","94.002,00","94.815,42","0,87",59,5.594.110
13.1.2025,"94.000,00","94.000,00","94.000,00","94.000,00","-0,11",18,1.692.000
10.1.2025,"93.999,00",,,"94.106,00","0,00",0,0
09.1.2025,"93.999,00","94.500,00","93.901,00","94.106,00","0,21",16,1.505.696
08.1.2025,"93.999,00","93.999,00","93.800,00","93.906,12","0,02",16,1.502.498
03.1.2025,"93.990,00","93.990,00","93.850,00","93.890,00","1,19",7,657.230
02.1.2025,"93.100,00",,,"92.788,89","0,00",0,0
30.12.2024,"93.100,00",,,"92.788,89","0,00",0,0
27.12.2024,"93.100,00","93.100,00","92.500,00","92.788,89","0,31",27,2.505.300
26.12.2024,"92.500,00","92.500,00","92.500,00","92.500,00","0,00",13,1.202.500
25.12.2024,"92.500,00","92.500,00","92.500,00","92.500,00","0,00",4,370.000
24.12.2024,"92.500,00","92.500,00","92.500,00","92.500,00","0,00",2,185.000
23.12.2024,"92.500,00",,,"92.500,00","0,00",0,0
20.12.2024,"92.500,00","92.500,00","92.500,00","92.500,00","0,00",6,555.000
19.12.2024,"92.500,00","92.508,00","92.500,00","92.502,67","-0,51",24,2.220.064
18.12.2024,"93.000,00","93.200,00","92.001,00","92.973,37","1,02",60,5.578.402
17.12.2024,"92.000,00",,,"92.036,03","0,00",0,0
16.12.2024,"92.000,00","92.200,00","92.000,00","92.036,03","0,94",34,3.129.225
13.12.2024,"92.000,00","92.000,00","91.003,00","91.183,01","0,18",67,6.109.262
12.12.2024,"91.250,00","91.250,00","91.000,00","91.022,73","0,25",11,1.001.250
11.12.2024,"91.000,00","91.000,00","90.001,00","90.800,20","0,89",10,908.002
10.12.2024,"90.001,00","90.002,00","90.001,00","90.001,50","0,00",26,2.340.039
06.12.2024,"90.000,00","90.000,00","90.000,00","90.000,00","0,74",26,2.340.000
05.12.2024,"90.000,00","90.000,00","87.504,00","89.340,33","2,06",72,6.432.504
04.12.2024,"87.900,00","87.900,00","87.003,00","87.536,73","0,51",37,3.238.859
03.12.2024,"87.100,00","87.100,00","87.001,00","87.095,50","0,11",130,14.976.415
02.12.2024,"87.000,00","87.000,00","87.000,00","87.000,00","0,00",20,1.740.000
29.11.2024,"87.000,00","87.000,00","86.999,00","86.999,59","0,00",17,1.478.993
28.11.2024,"87.000,00","87.001,00","87.000,00","87.000,03","0,58",37,3.219.001
27.11.2024,"86.500,00","86.500,00","86.500,00","86.500,00","-0,57",2,173.000
26.11.2024,"87.000,00",,,"87.000,00","0,00",0,0
25.11.2024,"87.000,00","87.000,00","87.000,00","87.000,00","-0,12",11,957.000
22.11.2024,"87.001,00","87.998,00","87.001,00","87.101,20","0,12",10,871.012
21.11.2024,"87.000,00","87.000,00","87.000,00","87.000,00","0,07",3,261.000
20.11.2024,"86.999,00","86.999,00","86.600,00","86.937,22","0,14",18,1.564.870
19.11.2024,"86.600,00","87.000,00","86.600,00","86.816,79","0,35",24,2.083.603
18.11.2024,"86.850,00","86.850,00","86.000,00","86.516,67","0,48",6,519.100
15.11.2024,"86.500,00","86.500,00","85.600,00","86.104,17","0,12",12,1.033.250
14.11.2024,"86.000,00","86.000,00","86.000,00","86.000,00","0,58",3,258.000
13.11.2024,"85.510,00","85.510,00","85.500,00","85.502,50","0,00",4,342.010
12.11.2024,"85.500,00","85.501,00","85.500,00","85.500,20","-0,29",25,2.137.505
11.11.2024,"85.900,00","85.900,00","85.700,00","85.750,00","0,88",4,343.000
08.11.2024,"85.001,00","85.001,00","85.001,00","85.001,00","-0,84",10,850.010
07.11.2024,"85.700,00","85.750,00","85.700,00","85.725,00","0,34",4,342.900
06.11.2024,"85.500,00","85.500,00","85.000,00","85.436,17","-0,07",47,4.015.500
05.11.2024,"85.499,00","85.500,00","85.499,00","85.499,50","0,00",4,33.661.998
04.11.2024,"85.500,00","85.500,00","85.499,00","85.499,91","0,00",11,940.499
01.11.2024,"85.500,00","85.500,00","85.500,00","85.500,00","0,59",15,1.282.500
31.10.2024,"85.000,00","85.000,00","85.000,00","85.000,00","0,57",754,64.090.000
30.10.2024,"84.401,00","85.000,00","84.401,00","84.521,57","0,03",14,1.183.302
29.10.2024,"84.500,00","84.501,00","84.500,00","84.500,12","-0,70",8,676.001
28.10.2024,"85.500,00","85.500,00","85.000,00","85.100,00","-0,25",5,425.500
25.10.2024,"85.500,00","85.500,00","85.000,00","85.313,88","-0,13",59,5.033.519
24.10.2024,"85.500,00","85.500,00","85.000,00","85.428,57","0,53",7,598.000
22.10.2024,"84.500,00","85.000,00","84.500,00","84.979,12","-0,02",24,2.039.499
21.10.2024,"85.000,00",,,"85.000,00","0,00",0,0
18.10.2024,"85.000,00","85.000,00","85.000,00","85.000,00","-0,35",2,170.000
17.10.2024,"85.000,00","85.500,00","85.000,00","85.300,24","-0,24",45,3.838.511
16.10.2024,"85.500,00","85.550,00","85.500,00","85.503,12","-0,57",16,1.368.050
15.10.2024,"85.990,00","85.990,00","85.990,00","85.990,00","0,11",1,85.990
14.10.2024,"85.900,00","85.900,00","85.899,00","85.899,56","0,00",9,773.096
10.10.2024,"85.900,00","85.900,00","85.900,00","85.900,00","-0,12",3,257.700
09.10.2024,"86.000,00",,,"85.999,93","0,00",0,0
08.10.2024,"86.000,00",,,"85.999,93","0,00",0,0
07.10.2024,"86.000,00","86.000,00","85.998,00","85.999,93","0,00",105,9.029.993
04.10.2024,"85.999,00","86.000,00","85.999,00","85.999,33","-0,05",3,257.998
03.10.2024,"86.000,00","86.500,00","86.000,00","86.043,63","-0,53",35,3.011.527
02.10.2024,"86.500,00",,,"86.500,00","0,00",0,0
01.10.2024,"86.500,00","86.500,00","86.500,00","86.500,00","-0,46",24,2.076.000
30.9.2024,"86.898,00","86.900,00","86.898,00","86.899,50","-0,11",14,1.216.593
27.9.2024,"86.990,00",,,"86.993,44","0,00",0,0
26.9.2024,"86.990,00","87.000,00","86.990,00","86.993,44","-0,01",32,2.783.790
25.9.2024,"87.000,00","87.000,00","87.000,00","87.000,00","0,00",53,4.611.000
24.9.2024,"87.000,00","87.000,00","87.000,00","87.000,00","0,00",19,1.653.000
23.9.2024,"87.001,00","87.001,00","87.000,00","87.000,10","0,00",10,870.001
20.9.2024,"87.000,00",,,"87.000,00","0,00",0,0
19.9.2024,"87.000,00","87.000,00","87.000,00","87.000,00","0,00",4,348.000
18.9.2024,"87.000,00",,,"87.000,00","0,00",0,0
17.9.2024,"87.000,00",,,"87.000,00","0,00",0,0
16.9.2024,"87.000,00","87.000,00","87.000,00","87.000,00","-0,21",2,174.000
13.9.2024,"87.200,00","87.250,00","87.100,00","87.180,92","0,15",13,1.133.352
12.9.2024,"87.050,00",,,"87.050,03","0,00",0,0
11.9.2024,"87.050,00","87.051,00","87.050,00","87.050,03","0,00",37,3.220.851
10.9.2024,"87.050,00","87.050,00","87.050,00","87.050,00","-0,46",1,87.050
06.9.2024,"87.051,00","87.501,00","87.051,00","87.450,78","0,52",9,787.057
05.9.2024,"87.001,00","87.001,00","87.001,00","87.001,00","-1,60",10,870.010
04.9.2024,"88.000,00","88.500,00","88.000,00","88.416,67","-0,66",12,1.061.000
03.9.2024,"88.999,00",,,"88.999,69","0,00",0,0
02.9.2024,"88.999,00","89.000,00","88.999,00","88.999,69","0,01",16,1.423.995
30.8.2024,"89.000,00","89.000,00","88.950,00","88.994,23","0,18",26,2.313.850
29.8.2024,"88.500,00","89.000,00","88.500,00","88.833,33","-0,19",6,533.000
27.8.2024,"89.000,00","89.000,00","89.000,00","89.000,00","0,00",41,3.649.000
26.8.2024,"89.000,00","89.000,00","89.000,00","89.000,00","0,00",11,979.000
23.8.2024,"88.999,00","88.999,00","88.999,00","88.999,00","0,91",4,355.996
22.8.2024,"88.200,00","88.200,00","88.200,00","88.200,00","0,08",10,882.000
21.8.2024,"88.000,00","88.500,00","87.400,00","88.128,57","-0,35",7,616.900
20.8.2024,"88.500,00","88.500,00","88.000,00","88.439,02","2,84",41,3.626.000
19.8.2024,"86.000,00","86.000,00","86.000,00","86.000,00","1,42",30,2.580.000
16.8.2024,"84.800,00","84.800,00","84.800,00","84.800,00","0,36",20,1.696.000
15.8.2024,"84.500,00","84.500,00","84.500,00","84.500,00","0,60",1,84.500
14.8.2024,"84.000,00","84.000,00","84.000,00","84.000,00","0,00",8,672.000
13.8.2024,"84.000,00",,,"84.000,00","0,00",0,0
12.8.2024,"84.000,00","84.000,00","84.000,00","84.000,00","0,36",15,1.260.000
09.8.2024,"83.800,00","83.800,00","83.601,00","83.700,33","-0,14",3,251.101
08.8.2024,"83.800,00","84.000,00","83.800,00","83.814,78","-0,22",27,2.262.999
07.8.2024,"84.000,00","84.000,00","84.000,00","84.000,00","0,00",11,924.000
06.8.2024,"84.000,00","84.000,00","84.000,00","84.000,00","-1,03",3,252.000
05.8.2024,"83.000,00","85.001,00","83.000,00","84.875,19","-2,44",32,2.716.006
01.8.2024,"87.000,00","87.000,00","87.000,00","87.000,00","2,35",3,261.000
31.7.2024,"85.000,00","85.000,00","85.000,00","85.000,00","-2,30",10,850.000
30.7.2024,"87.000,00","87.000,00","87.000,00","87.000,00","2,87",3,261.000
29.7.2024,"85.900,00","86.000,00","84.000,00","84.576,47","0,26",17,1.437.800
26.7.2024,"84.700,00","84.700,00","83.999,00","84.353,54","0,42",28,2.361.899
25.7.2024,"84.000,00","84.000,00","84.000,00","84.000,00","0,13",3,252.000
24.7.2024,"84.000,00","84.500,00","83.500,00","83.891,06","1,07",32,2.684.514
23.7.2024,"83.000,00","83.000,00","83.000,00","83.000,00","0,64",4,332.000
22.7.2024,"82.600,00","82.600,00","82.000,00","82.471,43","0,57",28,2.309.200
19.7.2024,"82.000,00","82.001,00","82.000,00","82.000,07","-0,42",29,2.378.002
18.7.2024,"83.000,00","83.000,00","81.500,00","82.344,47","1,04",45,3.705.501
17.7.2024,"81.500,00","81.500,00","81.498,00","81.499,61","0,00",31,2.526.488
16.7.2024,"81.500,00","81.500,00","81.498,00","81.499,00","1,24",8,651.992
15.7.2024,"80.500,00",,,"80.500,59","0,00",0,0
12.7.2024,"80.500,00","80.501,00","80.500,00","80.500,59","-0,21",68,5.474.040
11.7.2024,"80.001,00","81.500,00","80.001,00","80.667,22","-1,02",18,1.452.010
10.7.2024,"81.500,00",,,"81.500,00","0,00",0,0
09.7.2024,"81.500,00","81.500,00","81.500,00","81.500,00","-0,56",4,326.000
08.7.2024,"81.998,00",,,"81.957,76","0,00",0,0
05.7.2024,"81.998,00","81.999,00","81.900,00","81.957,76","2,80",75,6.146.832
04.7.2024,"80.500,00","80.500,00","79.300,00","79.724,85","0,63",20,1.594.497
03.7.2024,"79.000,00","79.999,00","79.000,00","79.227,56","0,40",57,4.515.971
02.7.2024,"79.000,00","79.000,00","78.500,00","78.913,86","-0,05",14,1.104.794
01.7.2024,"78.999,00",,,"78.949,90","0,00",0,0
28.6.2024,"78.999,00","79.000,00","78.900,00","78.949,90","-0,18",10,789.499
27.6.2024,"79.000,00","79.500,00","79.000,00","79.089,82","-0,25",28,2.214.515
26.6.2024,"79.000,00","79.499,00","78.285,00","79.284,88","1,65",8,634.279
25.6.2024,"78.000,00","78.000,00","78.000,00","78.000,00","-0,36",5,390.000
24.6.2024,"78.285,00","79.499,00","77.800,00","78.285,23","0,12",13,1.017.708
20.6.2024,"78.000,00","79.000,00","77.800,00","78.188,38","-2,26",69,5.394.998
19.6.2024,"80.000,00","80.000,00","80.000,00","80.000,00","-4,19",8,640.000
18.6.2024,"83.498,00","83.498,00","83.498,00","83.498,00","-0,59",6,500.988
17.6.2024,"83.990,00","84.000,00","83.980,00","83.996,00","0,00",15,1.259.940
14.6.2024,"84.000,00","84.000,00","83.990,00","83.998,61","-0,28",69,5.795.904
13.6.2024,"83.999,00","85.000,00","83.500,00","84.236,67","2,86",27,21.762.390
12.6.2024,"82.300,00","82.500,00","81.000,00","81.896,21","1,15",124,10.155.130
11.6.2024,"81.000,00","81.000,00","80.900,00","80.964,29","0,15",14,1.133.500
10.6.2024,"81.000,00","81.000,00","80.500,00","80.843,75","-0,13",16,1.293.500
07.6.2024,"81.500,00","81.500,00","80.006,00","80.952,00","1,36",10,809.520
06.6.2024,"80.500,00","80.500,00","79.000,00","79.867,63","1,58",118,9.424.380
05.6.2024,"78.500,00","79.000,00","78.000,00","78.625,56","0,18",27,2.122.890
04.6.2024,"78.500,00",,,"78.487,50","0,00",0,0
03.6.2024,"78.500,00",,,"78.487,50","0,00",0,0
31.5.2024,"78.500,00","78.500,00","78.450,00","78.487,50","1,08",8,627.900
30.5.2024,"78.000,00","78.000,00","77.500,00","77.646,88","-0,90",17,1.319.997
29.5.2024,"78.000,00",,,"78.353,35","0,00",0,0
28.5.2024,"78.000,00","79.000,00","78.000,00","78.353,35","0,49",94,7.365.215
27.5.2024,"77.969,00","77.969,00","77.969,00","77.969,00","1,52",2,155.938
23.5.2024,"77.000,00","77.000,00","76.001,00","76.801,16","0,71",95,7.296.110
22.5.2024,"76.990,00",,,"76.256,05","0,00",0,0
21.5.2024,"76.990,00","76.990,00","75.750,00","76.256,05","1,07",43,3.279.010
20.5.2024,"75.200,00","75.500,00","75.000,00","75.449,92","0,20",60,4.526.995
17.5.2024,"75.500,00","75.500,00","75.000,00","75.299,93","0,37",15,23.329.499
16.5.2024,"75.200,00","75.200,00","75.000,00","75.025,81","0,03",31,2.325.800
15.5.2024,"75.000,00","75.000,00","75.000,00","75.000,00","0,00",5,375.000
14.5.2024,"75.000,00","75.000,00","74.998,00","74.999,62","1,34",8,599.997
13.5.2024,"74.015,00","74.015,00","74.000,00","74.008,32","-0,94",37,2.738.308
10.5.2024,"75.000,00","75.000,00","74.000,00","74.708,33","0,96",12,896.500
09.5.2024,"74.000,00","74.000,00","74.000,00","74.000,00","-0,30",2,148.000
07.5.2024,"74.500,00","74.600,00","73.320,00","74.220,67","1,25",30,2.226.620
02.5.2024,"73.350,00",,,"73.304,55","0,00",0,3.151.900
30.4.2024,"73.350,00","73.350,00","73.300,00","73.304,55","0,01",11,806.350
29.4.2024,"73.500,00","73.500,00","73.100,00","73.300,25","0,32",4,293.201
26.4.2024,"73.004,00","73.500,00","73.000,00","73.069,77","1,91",22,1.607.535
25.4.2024,"72.500,00","72.500,00","71.000,00","71.700,00","1,02",5,358.500
23.4.2024,"71.000,00","71.000,00","70.900,00","70.977,57","0,73",14,993.686
22.4.2024,"70.600,00","70.600,00","70.000,00","70.462,50","-0,76",8,563.700
19.4.2024,"70.999,00","70.999,00","70.999,00","70.999,00","1,79",2,141.998
18.4.2024,"70.013,00","70.013,00","69.000,00","69.751,57","1,82",98,6.835.654
17.4.2024,"68.503,00","68.503,00","68.501,00","68.502,82","1,88",22,1.507.062
16.4.2024,"68.500,00","68.500,00","67.000,00","67.236,74","-1,56",19,1.277.498
15.4.2024,"68.300,00","68.300,00","68.300,00","68.300,00","-0,24",4,273.200
12.4.2024,"68.497,00","68.497,00","68.000,00","68.465,94","0,69",32,2.190.910
11.4.2024,"68.000,00","68.000,00","68.000,00","68.000,00","0,00",6,408.000
09.4.2024,"68.003,00","68.003,00","68.000,00","68.002,24","-0,03",34,2.312.076
08.4.2024,"68.020,00","68.020,00","68.020,00","68.020,00","0,02",1,11.439.020
05.4.2024,"68.007,00","68.007,00","68.007,00","68.007,00","0,00",5,11.797.035
04.4.2024,"68.002,00","68.075,00","68.002,00","68.005,04","0,00",28,1.904.141
03.4.2024,"68.002,00",,,"68.002,00","0,00",0,0
02.4.2024,"68.002,00","68.002,00","68.002,00","68.002,00","-1,64",2,136.004
01.4.2024,"67.500,00","69.490,00","67.500,00","69.132,38","1,67",8,553.059
29.3.2024,"68.000,00",,,"67.999,98","0,00",0,0
28.3.2024,"68.000,00","68.000,00","67.999,00","67.999,98","1,26",80,5.439.998
27.3.2024,"67.151,00",,,"67.151,00","0,00",0,0
26.3.2024,"67.151,00","67.151,00","67.151,00","67.151,00","-1,25",1,67.151
25.3.2024,"68.000,00","68.001,00","68.000,00","68.000,05","-2,00",142,14.212.007
22.3.2024,"69.630,00","69.630,00","67.001,00","69.391,00","3,42",11,763.301
21.3.2024,"69.800,00","69.800,00","67.003,00","67.094,26","0,16",212,14.223.983
20.3.2024,"67.001,00","67.001,00","66.800,00","66.984,21","0,51",72,4.822.863
19.3.2024,"66.650,00","66.651,00","66.602,00","66.643,29","0,22",7,466.503
18.3.2024,"66.500,00","66.500,00","66.500,00","66.500,00","0,60",21,1.396.500
15.3.2024,"66.105,00","66.105,00","66.105,00","66.105,00","0,00",2,10.249.210
14.3.2024,"66.103,00","66.103,00","66.103,00","66.103,00","0,13",2,16.413.206
13.3.2024,"66.026,00","66.027,00","66.002,00","66.015,52","0,02",27,1.782.419
12.3.2024,"66.000,00","66.000,00","66.000,00","66.000,00","-0,11",2,132.000
11.3.2024,"66.102,00",,,"66.072,84","0,00",0,2.178.330
08.3.2024,"66.102,00","66.110,00","66.005,00","66.072,84","0,11",119,7.862.668
07.3.2024,"66.003,00",,,"66.002,50","0,00",0,0
06.3.2024,"66.003,00",,,"66.002,50","0,00",0,0
05.3.2024,"66.003,00","66.003,00","66.000,00","66.002,50","-0,15",6,396.015
04.3.2024,"66.110,00",,,"66.102,89","0,00",0,0
01.3.2024,"66.110,00","66.110,00","66.100,00","66.102,89","0,00",37,2.445.807
29.2.2024,"66.101,00","66.101,00","66.100,00","66.100,81","0,04",27,1.784.722
28.2.2024,"66.100,00","66.100,00","66.000,00","66.072,12","0,11",32,2.114.308
27.2.2024,"66.000,00","66.001,00","66.000,00","66.000,09","0,00",23,1.518.002
26.2.2024,"66.000,00","66.000,00","65.998,00","65.999,72","0,00",36,2.375.990
23.2.2024,"66.000,00","66.000,00","66.000,00","66.000,00","0,76",10,660.000
22.2.2024,"65.500,00","65.501,00","65.500,00","65.500,02","0,00",47,3.078.501
21.2.2024,"65.500,00","65.500,00","65.500,00","65.500,00","0,00",6,393.000
20.2.2024,"65.500,00","65.500,00","65.500,00","65.500,00","0,00",16,1.048.000
19.2.2024,"65.500,00","65.500,00","65.500,00","65.500,00","0,00",11,720.500
16.2.2024,"65.500,00","65.501,00","65.500,00","65.500,17","0,00",12,786.002
15.2.2024,"65.500,00","65.500,00","65.500,00","65.500,00","0,13",4,262.000
14.2.2024,"65.499,00","65.500,00","65.000,00","65.416,33","0,47",6,392.498
13.2.2024,"65.110,00","65.110,00","65.110,00","65.110,00","0,00",6,390.660
12.2.2024,"65.110,00","65.110,00","65.110,00","65.110,00","0,03",5,325.550
09.2.2024,"65.101,00","65.101,00","65.000,00","65.088,45","-0,07",40,2.603.538
08.2.2024,"65.200,00","65.200,00","65.001,00","65.133,67","-0,44",6,390.802
07.2.2024,"65.100,00",,,"65.420,20","0,00",0,0
06.2.2024,"65.100,00",,,"65.420,20","0,00",0,0
05.2.2024,"65.100,00",,,"65.420,20","0,00",0,0
02.2.2024,"65.100,00","66.000,00","65.000,00","65.420,20","0,65",5,327.101
01.2.2024,"65.000,00","65.000,00","65.000,00","65.000,00","0,78",3,2.795.000
31.1.2024,"64.500,00","64.500,00","64.500,00","64.500,00","-0,09",41,18.244.500
30.1.2024,"65.000,00","65.000,00","64.500,00","64.558,82","0,09",34,2.195.000
29.1.2024,"64.500,00","64.500,00","64.500,00","64.500,00","0,39",5,322.500
26.1.2024,"64.250,00","64.250,00","64.250,00","64.250,00","-0,89",9,578.250
25.1.2024,"65.000,00",,,"64.829,38","0,00",0,0
24.1.2024,"65.000,00","65.000,00","64.400,00","64.829,38","0,70",145,9.400.260
23.1.2024,"64.300,00","64.500,00","64.054,00","64.381,29","-0,18",24,1.545.151
22.1.2024,"64.500,00",,,"64.500,00","0,00",0,0
20.1.2025,"111.000,00","111.900,00","110.000,00","110.560,42","1,76",48,5.306.900
