Датум,Цена,Максимум,Минимум,Просечна цена,Промена,Количина,Вкупен Промет
18.1.2021,"250,00",,,"250,00","0,00",0,0
15.1.2021,"250,00",,,"250,00","0,00",0,0
14.1.2021,"250,00",,,"250,00","0,00",0,0
13.1.2021,"250,00",,,"250,00","0,00",0,0
12.1.2021,"250,00",,,"250,00","0,00",0,0
11.1.2021,"250,00",,,"250,00","0,00",0,0
08.1.2021,"250,00",,,"250,00","0,00",0,0
05.1.2021,"250,00",,,"250,00","0,00",0,0
04.1.2021,"250,00",,,"250,00","0,00",0,0
30.12.2020,"250,00","250,00","250,00","250,00","0,00",360,90.000
29.12.2020,"250,00",,,"250,00","0,00",0,0
28.12.2020,"250,00",,,"250,00","0,00",0,0
25.12.2020,"250,00",,,"250,00","0,00",0,0
24.12.2020,"250,00",,,"250,00","0,00",0,0
23.12.2020,"250,00",,,"250,00","0,00",0,0
22.12.2020,"250,00",,,"250,00","0,00",0,0
21.12.2020,"250,00",,,"250,00","0,00",0,0
18.12.2020,"250,00",,,"250,00","0,00",0,0
17.12.2020,"250,00",,,"250,00","0,00",0,0
16.12.2020,"250,00",,,"250,00","0,00",0,0
15.12.2020,"250,00",,,"250,00","0,00",0,0
14.12.2020,"250,00",,,"250,00","0,00",0,0
11.12.2020,"250,00",,,"250,00","0,00",0,0
10.12.2020,"250,00",,,"250,00","0,00",0,0
09.12.2020,"250,00","250,00","250,00","250,00","-5,66",100,25.000
07.12.2020,"265,00",,,"265,00","0,00",0,0
04.12.2020,"265,00",,,"265,00","0,00",0,0
03.12.2020,"265,00",,,"265,00","0,00",0,0
02.12.2020,"265,00",,,"265,00","0,00",0,0
01.12.2020,"265,00",,,"265,00","0,00",0,0
30.11.2020,"265,00",,,"265,00","0,00",0,0
27.11.2020,"265,00",,,"265,00","0,00",0,0
26.11.2020,"265,00",,,"265,00","0,00",0,0
25.11.2020,"265,00",,,"265,00","0,00",0,0
24.11.2020,"265,00",,,"265,00","0,00",0,0
23.11.2020,"265,00",,,"265,00","0,00",0,0
20.11.2020,"265,00",,,"265,00","0,00",0,0
19.11.2020,"265,00",,,"265,00","0,00",0,0
18.11.2020,"265,00",,,"265,00","0,00",0,0
17.11.2020,"265,00",,,"265,00","0,00",0,0
16.11.2020,"265,00",,,"265,00","0,00",0,0
13.11.2020,"265,00",,,"265,00","0,00",0,0
12.11.2020,"265,00",,,"265,00","0,00",0,0
11.11.2020,"265,00",,,"265,00","0,00",0,0
10.11.2020,"265,00",,,"265,00","0,00",0,0
09.11.2020,"265,00",,,"265,00","0,00",0,0
06.11.2020,"265,00",,,"265,00","0,00",0,0
05.11.2020,"265,00",,,"265,00","0,00",0,0
04.11.2020,"265,00",,,"265,00","0,00",0,0
03.11.2020,"265,00",,,"265,00","0,00",0,0
02.11.2020,"265,00",,,"265,00","0,00",0,0
30.10.2020,"265,00",,,"265,00","0,00",0,0
29.10.2020,"265,00",,,"265,00","0,00",0,0
28.10.2020,"265,00",,,"265,00","0,00",0,0
27.10.2020,"265,00",,,"265,00","0,00",0,0
26.10.2020,"265,00",,,"265,00","0,00",0,0
22.10.2020,"265,00",,,"265,00","0,00",0,0
21.10.2020,"265,00",,,"265,00","0,00",0,0
20.10.2020,"265,00",,,"265,00","0,00",0,0
19.10.2020,"265,00",,,"265,00","0,00",0,0
16.10.2020,"265,00",,,"265,00","0,00",0,0
15.10.2020,"265,00",,,"265,00","0,00",0,0
14.10.2020,"265,00",,,"265,00","0,00",0,0
13.10.2020,"265,00",,,"265,00","0,00",0,0
09.10.2020,"265,00","265,00","265,00","265,00","-8,93",130,34.450
08.10.2020,"291,00",,,"291,00","0,00",0,0
07.10.2020,"291,00",,,"291,00","0,00",0,0
06.10.2020,"291,00",,,"291,00","0,00",0,0
05.10.2020,"291,00",,,"291,00","0,00",0,0
02.10.2020,"291,00",,,"291,00","0,00",0,0
01.10.2020,"291,00",,,"291,00","0,00",0,0
30.9.2020,"291,00",,,"291,00","0,00",0,0
29.9.2020,"291,00",,,"291,00","0,00",0,0
28.9.2020,"291,00",,,"291,00","0,00",0,0
25.9.2020,"291,00",,,"291,00","0,00",0,0
24.9.2020,"291,00",,,"291,00","0,00",0,0
23.9.2020,"291,00","291,00","291,00","291,00","-3,00",267,77.697
22.9.2020,"300,00",,,"300,00","0,00",0,0
21.9.2020,"300,00",,,"300,00","0,00",0,0
18.9.2020,"300,00",,,"300,00","0,00",0,0
17.9.2020,"300,00",,,"300,00","0,00",0,0
16.9.2020,"300,00",,,"300,00","0,00",0,0
15.9.2020,"300,00",,,"300,00","0,00",0,0
14.9.2020,"300,00",,,"300,00","0,00",0,0
11.9.2020,"300,00",,,"300,00","0,00",0,0
10.9.2020,"300,00",,,"300,00","0,00",0,0
09.9.2020,"300,00",,,"300,00","0,00",0,0
07.9.2020,"300,00",,,"300,00","0,00",0,0
04.9.2020,"300,00",,,"300,00","0,00",0,0
03.9.2020,"300,00",,,"300,00","0,00",0,0
02.9.2020,"300,00",,,"300,00","0,00",0,0
01.9.2020,"300,00",,,"300,00","0,00",0,0
31.8.2020,"300,00",,,"300,00","0,00",0,0
27.8.2020,"300,00",,,"300,00","0,00",0,0
26.8.2020,"300,00",,,"300,00","0,00",0,0
25.8.2020,"300,00",,,"300,00","0,00",0,0
24.8.2020,"300,00",,,"300,00","0,00",0,0
21.8.2020,"300,00",,,"300,00","0,00",0,0
20.8.2020,"300,00",,,"300,00","0,00",0,0
19.8.2020,"300,00","300,00","300,00","300,00","-6,25",100,30.000
18.8.2020,"320,00",,,"320,00","0,00",0,0
17.8.2020,"320,00",,,"320,00","0,00",0,0
14.8.2020,"320,00",,,"320,00","0,00",0,0
13.8.2020,"320,00",,,"320,00","0,00",0,0
12.8.2020,"320,00",,,"320,00","0,00",0,0
11.8.2020,"320,00",,,"320,00","0,00",0,0
10.8.2020,"320,00",,,"320,00","0,00",0,0
07.8.2020,"320,00",,,"320,00","0,00",0,0
06.8.2020,"320,00",,,"320,00","0,00",0,0
05.8.2020,"320,00",,,"320,00","0,00",0,0
04.8.2020,"320,00",,,"320,00","0,00",0,0
31.7.2020,"320,00",,,"320,00","0,00",0,0
30.7.2020,"320,00",,,"320,00","0,00",0,0
29.7.2020,"320,00",,,"320,00","0,00",0,0
28.7.2020,"320,00",,,"320,00","0,00",0,0
27.7.2020,"320,00",,,"320,00","0,00",0,0
24.7.2020,"320,00",,,"320,00","0,00",0,0
23.7.2020,"320,00",,,"320,00","0,00",0,0
22.7.2020,"320,00",,,"320,00","0,00",0,0
21.7.2020,"320,00",,,"320,00","0,00",0,0
20.7.2020,"320,00",,,"320,00","0,00",0,0
17.7.2020,"320,00",,,"320,00","0,00",0,0
16.7.2020,"320,00",,,"320,00","0,00",0,0
14.7.2020,"320,00",,,"320,00","0,00",0,0
13.7.2020,"320,00",,,"320,00","0,00",0,0
10.7.2020,"320,00",,,"320,00","0,00",0,0
09.7.2020,"320,00",,,"320,00","0,00",0,0
08.7.2020,"320,00",,,"320,00","0,00",0,0
07.7.2020,"320,00",,,"320,00","0,00",0,0
06.7.2020,"320,00",,,"320,00","0,00",0,0
03.7.2020,"320,00",,,"320,00","0,00",0,0
02.7.2020,"320,00",,,"320,00","0,00",0,0
01.7.2020,"320,00",,,"320,00","0,00",0,0
30.6.2020,"320,00",,,"320,00","0,00",0,0
29.6.2020,"320,00",,,"320,00","0,00",0,0
26.6.2020,"320,00",,,"320,00","0,00",0,0
25.6.2020,"320,00",,,"320,00","0,00",0,0
24.6.2020,"320,00",,,"320,00","0,00",0,0
23.6.2020,"320,00",,,"320,00","0,00",0,0
22.6.2020,"320,00",,,"320,00","0,00",0,0
19.6.2020,"320,00",,,"320,00","0,00",0,0
18.6.2020,"320,00",,,"320,00","0,00",0,0
17.6.2020,"320,00",,,"320,00","0,00",0,0
16.6.2020,"320,00",,,"320,00","0,00",0,0
15.6.2020,"320,00",,,"320,00","0,00",0,0
12.6.2020,"320,00",,,"320,00","0,00",0,0
11.6.2020,"320,00",,,"320,00","0,00",0,0
10.6.2020,"320,00",,,"320,00","0,00",0,0
09.6.2020,"320,00",,,"320,00","0,00",0,0
08.6.2020,"320,00",,,"320,00","0,00",0,0
04.6.2020,"320,00",,,"320,00","0,00",0,0
03.6.2020,"320,00",,,"320,00","0,00",0,0
02.6.2020,"320,00",,,"320,00","0,00",0,0
01.6.2020,"320,00",,,"320,00","0,00",0,0
29.5.2020,"320,00",,,"320,00","0,00",0,0
28.5.2020,"320,00",,,"320,00","0,00",0,0
27.5.2020,"320,00",,,"320,00","0,00",0,0
26.5.2020,"320,00",,,"320,00","0,00",0,0
22.5.2020,"320,00",,,"320,00","0,00",0,0
21.5.2020,"320,00",,,"320,00","0,00",0,0
20.5.2020,"320,00",,,"320,00","0,00",0,0
19.5.2020,"320,00",,,"320,00","0,00",0,0
18.5.2020,"320,00",,,"320,00","0,00",0,0
15.5.2020,"320,00",,,"320,00","0,00",0,0
14.5.2020,"320,00",,,"320,00","0,00",0,0
13.5.2020,"320,00",,,"320,00","0,00",0,0
12.5.2020,"320,00",,,"320,00","0,00",0,0
11.5.2020,"320,00",,,"320,00","0,00",0,0
08.5.2020,"320,00",,,"320,00","0,00",0,0
07.5.2020,"320,00",,,"320,00","0,00",0,0
06.5.2020,"320,00","320,00","320,00","320,00","-0,31",96,30.720
05.5.2020,"321,00",,,"321,00","0,00",0,0
04.5.2020,"321,00",,,"321,00","0,00",0,0
30.4.2020,"321,00",,,"321,00","0,00",0,0
29.4.2020,"321,00",,,"321,00","0,00",0,0
28.4.2020,"321,00",,,"321,00","0,00",0,0
27.4.2020,"321,00",,,"321,00","0,00",0,0
24.4.2020,"321,00",,,"321,00","0,00",0,0
23.4.2020,"321,00",,,"321,00","0,00",0,0
22.4.2020,"321,00",,,"321,00","0,00",0,0
21.4.2020,"321,00",,,"321,00","0,00",0,0
16.4.2020,"321,00",,,"321,00","0,00",0,0
15.4.2020,"321,00",,,"321,00","0,00",0,0
14.4.2020,"321,00",,,"321,00","0,00",0,0
13.4.2020,"321,00",,,"321,00","0,00",0,0
10.4.2020,"321,00",,,"321,00","0,00",0,0
09.4.2020,"321,00",,,"321,00","0,00",0,0
08.4.2020,"321,00",,,"321,00","0,00",0,0
07.4.2020,"321,00",,,"321,00","0,00",0,0
06.4.2020,"321,00",,,"321,00","0,00",0,0
03.4.2020,"321,00",,,"321,00","0,00",0,0
02.4.2020,"321,00",,,"321,00","0,00",0,0
01.4.2020,"321,00",,,"321,00","0,00",0,0
31.3.2020,"321,00",,,"321,00","0,00",0,0
30.3.2020,"321,00",,,"321,00","0,00",0,0
27.3.2020,"321,00",,,"321,00","0,00",0,0
26.3.2020,"321,00",,,"321,00","0,00",0,0
25.3.2020,"321,00",,,"321,00","0,00",0,0
24.3.2020,"321,00",,,"321,00","0,00",0,0
23.3.2020,"321,00",,,"321,00","0,00",0,0
20.3.2020,"321,00",,,"321,00","0,00",0,0
19.3.2020,"321,00",,,"321,00","0,00",0,0
18.3.2020,"321,00",,,"321,00","0,00",0,0
17.3.2020,"321,00",,,"321,00","0,00",0,0
16.3.2020,"321,00",,,"321,00","0,00",0,0
13.3.2020,"321,00",,,"321,00","0,00",0,0
12.3.2020,"321,00",,,"321,00","0,00",0,0
11.3.2020,"321,00",,,"321,00","0,00",0,0
10.3.2020,"321,00",,,"321,00","0,00",0,0
09.3.2020,"321,00",,,"321,00","0,00",0,0
06.3.2020,"321,00",,,"321,00","0,00",0,0
05.3.2020,"321,00",,,"321,00","0,00",0,0
04.3.2020,"321,00",,,"321,00","0,00",0,0
03.3.2020,"321,00",,,"321,00","0,00",0,0
02.3.2020,"321,00","321,00","321,00","321,00","0,00",86,27.606
28.2.2020,"321,00",,,"321,00","0,00",0,0
27.2.2020,"321,00",,,"321,00","0,00",0,0
26.2.2020,"321,00",,,"321,00","0,00",0,0
25.2.2020,"321,00",,,"321,00","0,00",0,0
24.2.2020,"321,00","321,00","321,00","321,00","0,00",500,160.500
21.2.2020,"321,00",,,"321,00","0,00",0,0
20.2.2020,"321,00",,,"321,00","0,00",0,0
19.2.2020,"321,00",,,"321,00","0,00",0,0
18.2.2020,"321,00",,,"321,00","0,00",0,0
17.2.2020,"321,00",,,"321,00","0,00",0,0
14.2.2020,"321,00",,,"321,00","0,00",0,0
13.2.2020,"321,00",,,"321,00","0,00",0,0
12.2.2020,"321,00",,,"321,00","0,00",0,0
11.2.2020,"321,00",,,"321,00","0,00",0,0
10.2.2020,"321,00",,,"321,00","0,00",0,0
07.2.2020,"321,00",,,"321,00","0,00",0,0
06.2.2020,"321,00","321,00","321,00","321,00","0,31",974,312.654
05.2.2020,"320,00","320,00","320,00","320,00","6,67",1.172,375.040
04.2.2020,"300,00","300,00","300,00","300,00","0,00",17,5.100
03.2.2020,"300,00","300,00","300,00","300,00","0,00",400,120.000
31.1.2020,"300,00",,,"300,00","0,00",0,0
30.1.2020,"300,00",,,"300,00","0,00",0,0
29.1.2020,"300,00",,,"300,00","0,00",0,0
28.1.2020,"300,00","300,00","300,00","300,00","0,00",200,60.000
27.1.2020,"300,00",,,"300,00","0,00",0,0
24.1.2020,"300,00",,,"300,00","0,00",0,0
23.1.2020,"300,00","300,00","300,00","300,00","0,33",200,60.000
22.1.2020,"299,00","299,00","299,00","299,00","0,00",300,89.700
21.1.2020,"299,00","299,00","299,00","299,00","-0,33",35,10.465
20.1.2020,"300,00",,,"300,00","0,00",0,0
18.1.2022,"308,00",,,"308,00","0,00",0,0
17.1.2022,"308,00",,,"308,00","0,00",0,0
14.1.2022,"308,00",,,"308,00","0,00",0,0
13.1.2022,"308,00",,,"308,00","0,00",0,0
12.1.2022,"308,00",,,"308,00","0,00",0,0
11.1.2022,"308,00",,,"308,00","0,00",0,0
10.1.2022,"308,00",,,"308,00","0,00",0,0
05.1.2022,"308,00",,,"308,00","0,00",0,0
04.1.2022,"308,00",,,"308,00","0,00",0,0
03.1.2022,"308,00",,,"308,00","0,00",0,0
30.12.2021,"308,00",,,"308,00","0,00",0,0
29.12.2021,"308,00",,,"308,00","0,00",0,0
28.12.2021,"308,00","308,00","308,00","308,00","53,23",1.157,356.356
27.12.2021,"201,00",,,"201,00","0,00",0,0
24.12.2021,"201,00",,,"201,00","0,00",0,0
23.12.2021,"201,00",,,"201,00","0,00",0,0
22.12.2021,"201,00",,,"201,00","0,00",0,0
21.12.2021,"201,00",,,"201,00","0,00",0,0
20.12.2021,"201,00",,,"201,00","0,00",0,0
17.12.2021,"201,00",,,"201,00","0,00",0,0
16.12.2021,"201,00",,,"201,00","0,00",0,0
15.12.2021,"201,00",,,"201,00","0,00",0,0
14.12.2021,"201,00",,,"201,00","0,00",0,0
13.12.2021,"201,00",,,"201,00","0,00",0,0
10.12.2021,"201,00",,,"201,00","0,00",0,0
09.12.2021,"201,00",,,"201,00","0,00",0,0
07.12.2021,"201,00",,,"201,00","0,00",0,0
06.12.2021,"201,00",,,"201,00","0,00",0,0
03.12.2021,"201,00",,,"201,00","0,00",0,0
02.12.2021,"201,00",,,"201,00","0,00",0,0
01.12.2021,"201,00","201,00","201,00","201,00","-16,25",408,82.008
30.11.2021,"240,00",,,"240,00","0,00",0,0
29.11.2021,"240,00",,,"240,00","0,00",0,0
26.11.2021,"240,00",,,"240,00","0,00",0,0
25.11.2021,"240,00",,,"240,00","0,00",0,0
24.11.2021,"240,00",,,"240,00","0,00",0,0
23.11.2021,"240,00",,,"240,00","0,00",0,0
22.11.2021,"240,00",,,"240,00","0,00",0,0
19.11.2021,"240,00",,,"240,00","0,00",0,0
18.11.2021,"240,00",,,"240,00","0,00",0,0
17.11.2021,"240,00",,,"240,00","0,00",0,0
16.11.2021,"240,00",,,"240,00","0,00",0,0
15.11.2021,"240,00",,,"240,00","0,00",0,0
12.11.2021,"240,00",,,"240,00","0,00",0,0
11.11.2021,"240,00",,,"240,00","0,00",0,0
10.11.2021,"240,00","240,00","240,00","240,00","-1,23",270,64.800
09.11.2021,"243,00",,,"243,00","0,00",0,0
08.11.2021,"243,00",,,"243,00","0,00",0,0
05.11.2021,"243,00","243,00","243,00","243,00","-2,80",500,121.500
04.11.2021,"250,00",,,"250,00","0,00",0,0
03.11.2021,"250,00",,,"250,00","0,00",0,0
02.11.2021,"250,00",,,"250,00","0,00",0,0
01.11.2021,"250,00",,,"250,00","0,00",0,0
29.10.2021,"250,00",,,"250,00","0,00",0,0
28.10.2021,"250,00",,,"250,00","0,00",0,0
27.10.2021,"250,00",,,"250,00","0,00",0,0
26.10.2021,"250,00",,,"250,00","0,00",0,0
25.10.2021,"250,00",,,"250,00","0,00",0,0
22.10.2021,"250,00",,,"250,00","0,00",0,0
21.10.2021,"250,00",,,"250,00","0,00",0,0
20.10.2021,"250,00",,,"250,00","0,00",0,0
19.10.2021,"250,00",,,"250,00","0,00",0,0
18.10.2021,"250,00",,,"250,00","0,00",0,0
15.10.2021,"250,00",,,"250,00","0,00",0,0
14.10.2021,"250,00",,,"250,00","0,00",0,0
13.10.2021,"250,00",,,"250,00","0,00",0,0
12.10.2021,"250,00",,,"250,00","0,00",0,0
08.10.2021,"250,00",,,"250,00","0,00",0,0
07.10.2021,"250,00",,,"250,00","0,00",0,0
06.10.2021,"250,00",,,"250,00","0,00",0,0
05.10.2021,"250,00",,,"250,00","0,00",0,0
04.10.2021,"250,00",,,"250,00","0,00",0,0
01.10.2021,"250,00",,,"250,00","0,00",0,0
30.9.2021,"250,00",,,"250,00","0,00",0,0
29.9.2021,"250,00",,,"250,00","0,00",0,0
28.9.2021,"250,00",,,"250,00","0,00",0,0
27.9.2021,"250,00",,,"250,00","0,00",0,0
24.9.2021,"250,00",,,"250,00","0,00",0,0
23.9.2021,"250,00",,,"250,00","0,00",0,0
22.9.2021,"250,00",,,"250,00","0,00",0,0
21.9.2021,"250,00",,,"250,00","0,00",0,0
20.9.2021,"250,00",,,"250,00","0,00",0,0
17.9.2021,"250,00",,,"250,00","0,00",0,0
16.9.2021,"250,00",,,"250,00","0,00",0,0
15.9.2021,"250,00",,,"250,00","0,00",0,0
14.9.2021,"250,00",,,"250,00","0,00",0,0
13.9.2021,"250,00",,,"250,00","0,00",0,0
10.9.2021,"250,00",,,"250,00","0,00",0,0
09.9.2021,"250,00",,,"250,00","0,00",0,0
07.9.2021,"250,00",,,"250,00","0,00",0,0
06.9.2021,"250,00",,,"250,00","0,00",0,0
03.9.2021,"250,00",,,"250,00","0,00",0,0
02.9.2021,"250,00",,,"250,00","0,00",0,0
01.9.2021,"250,00",,,"250,00","0,00",0,0
31.8.2021,"250,00",,,"250,00","0,00",0,0
30.8.2021,"250,00",,,"250,00","0,00",0,0
27.8.2021,"250,00",,,"250,00","0,00",0,0
26.8.2021,"250,00",,,"250,00","0,00",0,0
25.8.2021,"250,00",,,"250,00","0,00",0,0
24.8.2021,"250,00",,,"250,00","0,00",0,0
23.8.2021,"250,00",,,"250,00","0,00",0,0
20.8.2021,"250,00",,,"250,00","0,00",0,0
19.8.2021,"250,00",,,"250,00","0,00",0,0
18.8.2021,"250,00",,,"250,00","0,00",0,0
17.8.2021,"250,00",,,"250,00","0,00",0,0
16.8.2021,"250,00",,,"250,00","0,00",0,0
13.8.2021,"250,00",,,"250,00","0,00",0,0
12.8.2021,"250,00",,,"250,00","0,00",0,0
11.8.2021,"250,00",,,"250,00","0,00",0,0
10.8.2021,"250,00",,,"250,00","0,00",0,0
09.8.2021,"250,00",,,"250,00","0,00",0,0
06.8.2021,"250,00",,,"250,00","0,00",0,0
05.8.2021,"250,00",,,"250,00","0,00",0,0
04.8.2021,"250,00",,,"250,00","0,00",0,0
03.8.2021,"250,00",,,"250,00","0,00",0,0
30.7.2021,"250,00",,,"250,00","0,00",0,0
29.7.2021,"250,00",,,"250,00","0,00",0,0
28.7.2021,"250,00",,,"250,00","0,00",0,0
27.7.2021,"250,00",,,"250,00","0,00",0,0
26.7.2021,"250,00",,,"250,00","0,00",0,0
23.7.2021,"250,00",,,"250,00","0,00",0,0
22.7.2021,"250,00",,,"250,00","0,00",0,0
21.7.2021,"250,00",,,"250,00","0,00",0,0
20.7.2021,"250,00",,,"250,00","0,00",0,0
19.7.2021,"250,00",,,"250,00","0,00",0,0
16.7.2021,"250,00",,,"250,00","0,00",0,0
15.7.2021,"250,00",,,"250,00","0,00",0,0
14.7.2021,"250,00",,,"250,00","0,00",0,0
13.7.2021,"250,00",,,"250,00","0,00",0,0
12.7.2021,"250,00","250,00","250,00","250,00","0,00",443,110.750
09.7.2021,"250,00",,,"250,00","0,00",0,0
08.7.2021,"250,00",,,"250,00","0,00",0,0
07.7.2021,"250,00",,,"250,00","0,00",0,0
06.7.2021,"250,00",,,"250,00","0,00",0,0
05.7.2021,"250,00",,,"250,00","0,00",0,0
02.7.2021,"250,00",,,"250,00","0,00",0,0
01.7.2021,"250,00",,,"250,00","0,00",0,0
30.6.2021,"250,00",,,"250,00","0,00",0,0
29.6.2021,"250,00",,,"250,00","0,00",0,0
28.6.2021,"250,00",,,"250,00","0,00",0,0
25.6.2021,"250,00",,,"250,00","0,00",0,0
24.6.2021,"250,00",,,"250,00","0,00",0,0
23.6.2021,"250,00",,,"250,00","0,00",0,0
22.6.2021,"250,00",,,"250,00","0,00",0,0
21.6.2021,"250,00",,,"250,00","0,00",0,0
17.6.2021,"250,00","250,00","250,00","250,00","0,00",233,58.250
16.6.2021,"250,00",,,"250,00","0,00",0,0
15.6.2021,"250,00","250,00","250,00","250,00","0,00",317,79.250
14.6.2021,"250,00",,,"250,00","0,00",0,0
11.6.2021,"250,00",,,"250,00","0,00",0,0
10.6.2021,"250,00",,,"250,00","0,00",0,0
09.6.2021,"250,00",,,"250,00","0,00",0,0
08.6.2021,"250,00",,,"250,00","0,00",0,0
07.6.2021,"250,00",,,"250,00","0,00",0,0
04.6.2021,"250,00",,,"250,00","0,00",0,0
03.6.2021,"250,00",,,"250,00","0,00",0,0
02.6.2021,"250,00",,,"250,00","0,00",0,0
01.6.2021,"250,00",,,"250,00","0,00",0,0
31.5.2021,"250,00",,,"250,00","0,00",0,0
28.5.2021,"250,00",,,"250,00","0,00",0,0
27.5.2021,"250,00",,,"250,00","0,00",0,0
26.5.2021,"250,00","250,00","250,00","250,00","0,00",30,7.500
25.5.2021,"250,00",,,"250,00","0,00",0,0
21.5.2021,"250,00",,,"250,00","0,00",0,0
20.5.2021,"250,00",,,"250,00","0,00",0,0
19.5.2021,"250,00",,,"250,00","0,00",0,0
18.5.2021,"250,00",,,"250,00","0,00",0,0
17.5.2021,"250,00",,,"250,00","0,00",0,0
14.5.2021,"250,00",,,"250,00","0,00",0,0
12.5.2021,"250,00",,,"250,00","0,00",0,0
11.5.2021,"250,00",,,"250,00","0,00",0,0
10.5.2021,"250,00",,,"250,00","0,00",0,0
07.5.2021,"250,00","250,00","250,00","250,00","0,00",140,35.000
06.5.2021,"250,00",,,"250,00","0,00",0,0
05.5.2021,"250,00",,,"250,00","0,00",0,0
04.5.2021,"250,00",,,"250,00","0,00",0,0
29.4.2021,"250,00",,,"250,00","0,00",0,0
28.4.2021,"250,00",,,"250,00","0,00",0,0
27.4.2021,"250,00",,,"250,00","0,00",0,0
26.4.2021,"250,00",,,"250,00","0,00",0,0
23.4.2021,"250,00",,,"250,00","0,00",0,0
22.4.2021,"250,00",,,"250,00","0,00",0,0
21.4.2021,"250,00",,,"250,00","0,00",0,0
20.4.2021,"250,00","250,00","250,00","250,00","0,00",570,142.500
19.4.2021,"250,00",,,"250,00","0,00",0,0
16.4.2021,"250,00",,,"250,00","0,00",0,0
15.4.2021,"250,00","250,00","250,00","250,00","0,00",160,40.000
14.4.2021,"250,00",,,"250,00","0,00",0,0
13.4.2021,"250,00",,,"250,00","0,00",0,0
12.4.2021,"250,00",,,"250,00","0,00",0,0
09.4.2021,"250,00",,,"250,00","0,00",0,0
08.4.2021,"250,00",,,"250,00","0,00",0,0
07.4.2021,"250,00",,,"250,00","0,00",0,0
06.4.2021,"250,00",,,"250,00","0,00",0,0
05.4.2021,"250,00",,,"250,00","0,00",0,0
02.4.2021,"250,00","250,00","250,00","250,00","0,00",40,10.000
01.4.2021,"250,00",,,"250,00","0,00",0,0
31.3.2021,"250,00",,,"250,00","0,00",0,0
30.3.2021,"250,00",,,"250,00","0,00",0,0
29.3.2021,"250,00",,,"250,00","0,00",0,0
26.3.2021,"250,00",,,"250,00","0,00",0,0
25.3.2021,"250,00",,,"250,00","0,00",0,0
24.3.2021,"250,00",,,"250,00","0,00",0,0
23.3.2021,"250,00",,,"250,00","0,00",0,0
22.3.2021,"250,00",,,"250,00","0,00",0,0
19.3.2021,"250,00",,,"250,00","0,00",0,0
18.3.2021,"250,00",,,"250,00","0,00",0,0
17.3.2021,"250,00",,,"250,00","0,00",0,0
16.3.2021,"250,00",,,"250,00","0,00",0,0
15.3.2021,"250,00",,,"250,00","0,00",0,0
12.3.2021,"250,00",,,"250,00","0,00",0,0
11.3.2021,"250,00",,,"250,00","0,00",0,0
10.3.2021,"250,00","250,00","250,00","250,00","-2,72",110,27.500
09.3.2021,"257,00",,,"257,00","0,00",0,0
08.3.2021,"257,00",,,"257,00","0,00",0,0
05.3.2021,"257,00",,,"257,00","0,00",0,0
04.3.2021,"257,00",,,"257,00","0,00",0,0
03.3.2021,"257,00","257,00","257,00","257,00","-14,33",270,69.390
02.3.2021,"300,00",,,"300,00","0,00",0,0
01.3.2021,"300,00",,,"300,00","0,00",0,0
26.2.2021,"300,00",,,"300,00","0,00",0,0
25.2.2021,"300,00",,,"300,00","0,00",0,0
24.2.2021,"300,00",,,"300,00","0,00",0,0
23.2.2021,"300,00",,,"300,00","0,00",0,0
22.2.2021,"300,00",,,"300,00","0,00",0,0
19.2.2021,"300,00",,,"300,00","0,00",0,0
18.2.2021,"300,00","300,00","300,00","300,00","1,69",1.010,303.000
17.2.2021,"295,00","295,00","295,00","295,00","8,46",1.362,401.790
16.2.2021,"272,00","272,00","272,00","272,00","19,82",5,1.360
15.2.2021,"227,00","227,00","227,00","227,00","0,00",390,88.530
12.2.2021,"227,00",,,"227,00","0,00",0,0
11.2.2021,"227,00",,,"227,00","0,00",0,0
10.2.2021,"227,00",,,"227,00","0,00",0,0
09.2.2021,"227,00",,,"227,00","0,00",0,0
08.2.2021,"227,00","227,00","227,00","227,00","0,00",90,20.430
05.2.2021,"227,00",,,"227,00","0,00",0,0
04.2.2021,"227,00",,,"227,00","0,00",0,0
03.2.2021,"227,00",,,"227,00","0,00",0,0
02.2.2021,"227,00","227,00","227,00","227,00","13,50",550,124.850
01.2.2021,"200,00","200,00","200,00","200,00","-16,67",12.897,2.579.400
29.1.2021,"240,00","240,00","240,00","240,00","20,00",5,1.200
28.1.2021,"200,00",,,"200,00","0,00",0,0
27.1.2021,"200,00",,,"200,00","0,00",0,0
26.1.2021,"200,00",,,"200,00","0,00",0,0
25.1.2021,"200,00","200,00","200,00","200,00","-20,00",1.480,296.000
22.1.2021,"250,00",,,"250,00","0,00",0,0
21.1.2021,"250,00",,,"250,00","0,00",0,0
20.1.2021,"250,00",,,"250,00","0,00",0,0
18.1.2023,"308,00",,,"308,00","0,00",0,0
17.1.2023,"308,00",,,"308,00","0,00",0,0
16.1.2023,"308,00",,,"308,00","0,00",0,0
13.1.2023,"308,00",,,"308,00","0,00",0,0
12.1.2023,"308,00",,,"308,00","0,00",0,0
11.1.2023,"308,00",,,"308,00","0,00",0,0
10.1.2023,"308,00",,,"308,00","0,00",0,0
09.1.2023,"308,00",,,"308,00","0,00",0,0
05.1.2023,"308,00",,,"308,00","0,00",0,0
04.1.2023,"308,00",,,"308,00","0,00",0,0
03.1.2023,"308,00",,,"308,00","0,00",0,0
29.12.2022,"308,00",,,"308,00","0,00",0,0
28.12.2022,"308,00",,,"308,00","0,00",0,0
27.12.2022,"308,00",,,"308,00","0,00",0,0
26.12.2022,"308,00",,,"308,00","0,00",0,0
23.12.2022,"308,00",,,"308,00","0,00",0,0
22.12.2022,"308,00",,,"308,00","0,00",0,0
21.12.2022,"308,00",,,"308,00","0,00",0,0
20.12.2022,"308,00",,,"308,00","0,00",0,0
19.12.2022,"308,00",,,"308,00","0,00",0,0
16.12.2022,"308,00",,,"308,00","0,00",0,0
15.12.2022,"308,00",,,"308,00","0,00",0,0
14.12.2022,"308,00",,,"308,00","0,00",0,0
13.12.2022,"308,00",,,"308,00","0,00",0,0
12.12.2022,"308,00",,,"308,00","0,00",0,0
09.12.2022,"308,00",,,"308,00","0,00",0,0
07.12.2022,"308,00",,,"308,00","0,00",0,0
06.12.2022,"308,00",,,"308,00","0,00",0,0
05.12.2022,"308,00",,,"308,00","0,00",0,0
02.12.2022,"308,00",,,"308,00","0,00",0,0
01.12.2022,"308,00",,,"308,00","0,00",0,0
30.11.2022,"308,00",,,"308,00","0,00",0,0
29.11.2022,"308,00",,,"308,00","0,00",0,0
28.11.2022,"308,00",,,"308,00","0,00",0,0
25.11.2022,"308,00",,,"308,00","0,00",0,0
24.11.2022,"308,00",,,"308,00","0,00",0,0
23.11.2022,"308,00",,,"308,00","0,00",0,0
22.11.2022,"308,00",,,"308,00","0,00",0,0
21.11.2022,"308,00",,,"308,00","0,00",0,0
18.11.2022,"308,00",,,"308,00","0,00",0,0
17.11.2022,"308,00",,,"308,00","0,00",0,0
16.11.2022,"308,00",,,"308,00","0,00",0,0
15.11.2022,"308,00",,,"308,00","0,00",0,0
14.11.2022,"308,00",,,"308,00","0,00",0,0
11.11.2022,"308,00",,,"308,00","0,00",0,0
10.11.2022,"308,00",,,"308,00","0,00",0,0
09.11.2022,"308,00",,,"308,00","0,00",0,0
08.11.2022,"308,00",,,"308,00","0,00",0,0
07.11.2022,"308,00",,,"308,00","0,00",0,0
04.11.2022,"308,00",,,"308,00","0,00",0,0
03.11.2022,"308,00",,,"308,00","0,00",0,0
02.11.2022,"308,00",,,"308,00","0,00",0,0
01.11.2022,"308,00",,,"308,00","0,00",0,0
31.10.2022,"308,00",,,"308,00","0,00",0,0
28.10.2022,"308,00",,,"308,00","0,00",0,0
27.10.2022,"308,00",,,"308,00","0,00",0,0
26.10.2022,"308,00",,,"308,00","0,00",0,0
25.10.2022,"308,00",,,"308,00","0,00",0,0
21.10.2022,"308,00",,,"308,00","0,00",0,0
20.10.2022,"308,00",,,"308,00","0,00",0,0
19.10.2022,"308,00",,,"308,00","0,00",0,0
18.10.2022,"308,00",,,"308,00","0,00",0,0
17.10.2022,"308,00",,,"308,00","0,00",0,0
14.10.2022,"308,00",,,"308,00","0,00",0,0
13.10.2022,"308,00",,,"308,00","0,00",0,0
12.10.2022,"308,00",,,"308,00","0,00",0,0
10.10.2022,"308,00",,,"308,00","0,00",0,0
07.10.2022,"308,00",,,"308,00","0,00",0,0
06.10.2022,"308,00",,,"308,00","0,00",0,0
05.10.2022,"308,00",,,"308,00","0,00",0,0
04.10.2022,"308,00",,,"308,00","0,00",0,0
03.10.2022,"308,00",,,"308,00","0,00",0,0
30.9.2022,"308,00",,,"308,00","0,00",0,0
29.9.2022,"308,00",,,"308,00","0,00",0,0
28.9.2022,"308,00",,,"308,00","0,00",0,0
27.9.2022,"308,00",,,"308,00","0,00",0,0
26.9.2022,"308,00",,,"308,00","0,00",0,0
23.9.2022,"308,00",,,"308,00","0,00",0,0
22.9.2022,"308,00",,,"308,00","0,00",0,0
21.9.2022,"308,00",,,"308,00","0,00",0,0
20.9.2022,"308,00",,,"308,00","0,00",0,0
19.9.2022,"308,00",,,"308,00","0,00",0,0
16.9.2022,"308,00",,,"308,00","0,00",0,0
15.9.2022,"308,00",,,"308,00","0,00",0,0
14.9.2022,"308,00",,,"308,00","0,00",0,0
13.9.2022,"308,00",,,"308,00","0,00",0,0
12.9.2022,"308,00",,,"308,00","0,00",0,0
09.9.2022,"308,00",,,"308,00","0,00",0,0
07.9.2022,"308,00",,,"308,00","0,00",0,0
06.9.2022,"308,00",,,"308,00","0,00",0,0
05.9.2022,"308,00",,,"308,00","0,00",0,0
02.9.2022,"308,00",,,"308,00","0,00",0,0
01.9.2022,"308,00",,,"308,00","0,00",0,0
31.8.2022,"308,00",,,"308,00","0,00",0,0
30.8.2022,"308,00",,,"308,00","0,00",0,0
29.8.2022,"308,00",,,"308,00","0,00",0,0
26.8.2022,"308,00",,,"308,00","0,00",0,0
25.8.2022,"308,00",,,"308,00","0,00",0,0
24.8.2022,"308,00",,,"308,00","0,00",0,0
23.8.2022,"308,00",,,"308,00","0,00",0,0
22.8.2022,"308,00",,,"308,00","0,00",0,0
19.8.2022,"308,00",,,"308,00","0,00",0,0
18.8.2022,"308,00",,,"308,00","0,00",0,0
17.8.2022,"308,00",,,"308,00","0,00",0,0
16.8.2022,"308,00",,,"308,00","0,00",0,0
15.8.2022,"308,00",,,"308,00","0,00",0,0
12.8.2022,"308,00",,,"308,00","0,00",0,0
11.8.2022,"308,00",,,"308,00","0,00",0,0
10.8.2022,"308,00",,,"308,00","0,00",0,0
09.8.2022,"308,00",,,"308,00","0,00",0,0
08.8.2022,"308,00",,,"308,00","0,00",0,0
05.8.2022,"308,00",,,"308,00","0,00",0,0
04.8.2022,"308,00",,,"308,00","0,00",0,0
03.8.2022,"308,00",,,"308,00","0,00",0,0
01.8.2022,"308,00",,,"308,00","0,00",0,0
29.7.2022,"308,00",,,"308,00","0,00",0,0
28.7.2022,"308,00",,,"308,00","0,00",0,0
27.7.2022,"308,00",,,"308,00","0,00",0,0
26.7.2022,"308,00",,,"308,00","0,00",0,0
25.7.2022,"308,00",,,"308,00","0,00",0,0
22.7.2022,"308,00",,,"308,00","0,00",0,0
21.7.2022,"308,00",,,"308,00","0,00",0,0
20.7.2022,"308,00",,,"308,00","0,00",0,0
19.7.2022,"308,00",,,"308,00","0,00",0,0
18.7.2022,"308,00",,,"308,00","0,00",0,0
15.7.2022,"308,00",,,"308,00","0,00",0,0
14.7.2022,"308,00",,,"308,00","0,00",0,0
13.7.2022,"308,00",,,"308,00","0,00",0,0
12.7.2022,"308,00",,,"308,00","0,00",0,0
11.7.2022,"308,00",,,"308,00","0,00",0,0
08.7.2022,"308,00",,,"308,00","0,00",0,0
07.7.2022,"308,00",,,"308,00","0,00",0,0
06.7.2022,"308,00",,,"308,00","0,00",0,0
05.7.2022,"308,00",,,"308,00","0,00",0,0
04.7.2022,"308,00",,,"308,00","0,00",0,0
01.7.2022,"308,00",,,"308,00","0,00",0,0
30.6.2022,"308,00",,,"308,00","0,00",0,0
29.6.2022,"308,00",,,"308,00","0,00",0,0
28.6.2022,"308,00",,,"308,00","0,00",0,0
27.6.2022,"308,00",,,"308,00","0,00",0,0
24.6.2022,"308,00",,,"308,00","0,00",0,0
23.6.2022,"308,00",,,"308,00","0,00",0,0
22.6.2022,"308,00",,,"308,00","0,00",0,0
21.6.2022,"308,00",,,"308,00","0,00",0,0
20.6.2022,"308,00",,,"308,00","0,00",0,0
17.6.2022,"308,00",,,"308,00","0,00",0,0
16.6.2022,"308,00",,,"308,00","0,00",0,0
15.6.2022,"308,00",,,"308,00","0,00",0,0
14.6.2022,"308,00",,,"308,00","0,00",0,0
13.6.2022,"308,00",,,"308,00","0,00",0,0
09.6.2022,"308,00",,,"308,00","0,00",0,0
08.6.2022,"308,00",,,"308,00","0,00",0,0
07.6.2022,"308,00",,,"308,00","0,00",0,0
06.6.2022,"308,00",,,"308,00","0,00",0,0
03.6.2022,"308,00",,,"308,00","0,00",0,0
02.6.2022,"308,00",,,"308,00","0,00",0,0
01.6.2022,"308,00",,,"308,00","0,00",0,0
31.5.2022,"308,00",,,"308,00","0,00",0,0
30.5.2022,"308,00",,,"308,00","0,00",0,0
27.5.2022,"308,00",,,"308,00","0,00",0,0
26.5.2022,"308,00",,,"308,00","0,00",0,0
25.5.2022,"308,00",,,"308,00","0,00",0,0
23.5.2022,"308,00",,,"308,00","0,00",0,0
20.5.2022,"308,00",,,"308,00","0,00",0,0
19.5.2022,"308,00",,,"308,00","0,00",0,0
18.5.2022,"308,00",,,"308,00","0,00",0,0
17.5.2022,"308,00",,,"308,00","0,00",0,0
16.5.2022,"308,00",,,"308,00","0,00",0,0
13.5.2022,"308,00",,,"308,00","0,00",0,0
12.5.2022,"308,00",,,"308,00","0,00",0,0
11.5.2022,"308,00",,,"308,00","0,00",0,0
10.5.2022,"308,00",,,"308,00","0,00",0,0
09.5.2022,"308,00",,,"308,00","0,00",0,0
06.5.2022,"308,00",,,"308,00","0,00",0,0
05.5.2022,"308,00",,,"308,00","0,00",0,0
04.5.2022,"308,00",,,"308,00","0,00",0,0
03.5.2022,"308,00",,,"308,00","0,00",0,0
29.4.2022,"308,00",,,"308,00","0,00",0,0
28.4.2022,"308,00",,,"308,00","0,00",0,0
27.4.2022,"308,00",,,"308,00","0,00",0,0
26.4.2022,"308,00",,,"308,00","0,00",0,0
21.4.2022,"308,00",,,"308,00","0,00",0,0
20.4.2022,"308,00",,,"308,00","0,00",0,0
19.4.2022,"308,00",,,"308,00","0,00",0,0
18.4.2022,"308,00",,,"308,00","0,00",0,0
15.4.2022,"308,00",,,"308,00","0,00",0,0
14.4.2022,"308,00",,,"308,00","0,00",0,0
13.4.2022,"308,00",,,"308,00","0,00",0,0
12.4.2022,"308,00",,,"308,00","0,00",0,0
11.4.2022,"308,00",,,"308,00","0,00",0,0
08.4.2022,"308,00",,,"308,00","0,00",0,0
07.4.2022,"308,00",,,"308,00","0,00",0,0
06.4.2022,"308,00",,,"308,00","0,00",0,0
05.4.2022,"308,00",,,"308,00","0,00",0,0
04.4.2022,"308,00",,,"308,00","0,00",0,0
01.4.2022,"308,00",,,"308,00","0,00",0,0
31.3.2022,"308,00",,,"308,00","0,00",0,0
30.3.2022,"308,00",,,"308,00","0,00",0,0
29.3.2022,"308,00",,,"308,00","0,00",0,0
28.3.2022,"308,00",,,"308,00","0,00",0,0
25.3.2022,"308,00",,,"308,00","0,00",0,0
24.3.2022,"308,00",,,"308,00","0,00",0,0
23.3.2022,"308,00",,,"308,00","0,00",0,0
22.3.2022,"308,00",,,"308,00","0,00",0,0
21.3.2022,"308,00",,,"308,00","0,00",0,0
18.3.2022,"308,00",,,"308,00","0,00",0,0
17.3.2022,"308,00",,,"308,00","0,00",0,0
16.3.2022,"308,00",,,"308,00","0,00",0,0
15.3.2022,"308,00",,,"308,00","0,00",0,0
14.3.2022,"308,00",,,"308,00","0,00",0,0
11.3.2022,"308,00",,,"308,00","0,00",0,0
10.3.2022,"308,00",,,"308,00","0,00",0,0
09.3.2022,"308,00",,,"308,00","0,00",0,0
08.3.2022,"308,00",,,"308,00","0,00",0,0
07.3.2022,"308,00",,,"308,00","0,00",0,0
04.3.2022,"308,00",,,"308,00","0,00",0,0
03.3.2022,"308,00",,,"308,00","0,00",0,0
02.3.2022,"308,00",,,"308,00","0,00",0,0
01.3.2022,"308,00",,,"308,00","0,00",0,0
28.2.2022,"308,00",,,"308,00","0,00",0,0
25.2.2022,"308,00",,,"308,00","0,00",0,0
24.2.2022,"308,00",,,"308,00","0,00",0,0
23.2.2022,"308,00",,,"308,00","0,00",0,0
22.2.2022,"308,00",,,"308,00","0,00",0,0
21.2.2022,"308,00",,,"308,00","0,00",0,0
18.2.2022,"308,00",,,"308,00","0,00",0,0
17.2.2022,"308,00",,,"308,00","0,00",0,0
16.2.2022,"308,00",,,"308,00","0,00",0,0
15.2.2022,"308,00",,,"308,00","0,00",0,0
14.2.2022,"308,00",,,"308,00","0,00",0,0
11.2.2022,"308,00",,,"308,00","0,00",0,0
10.2.2022,"308,00",,,"308,00","0,00",0,0
09.2.2022,"308,00",,,"308,00","0,00",0,0
08.2.2022,"308,00",,,"308,00","0,00",0,0
07.2.2022,"308,00",,,"308,00","0,00",0,0
04.2.2022,"308,00",,,"308,00","0,00",0,0
03.2.2022,"308,00",,,"308,00","0,00",0,0
02.2.2022,"308,00",,,"308,00","0,00",0,0
01.2.2022,"308,00",,,"308,00","0,00",0,0
31.1.2022,"308,00",,,"308,00","0,00",0,0
28.1.2022,"308,00",,,"308,00","0,00",0,0
27.1.2022,"308,00",,,"308,00","0,00",0,0
26.1.2022,"308,00",,,"308,00","0,00",0,0
25.1.2022,"308,00",,,"308,00","0,00",0,0
24.1.2022,"308,00",,,"308,00","0,00",0,0
21.1.2022,"308,00",,,"308,00","0,00",0,0
20.1.2022,"308,00",,,"308,00","0,00",0,0
18.1.2024,"300,00",,,"300,00","0,00",0,0
17.1.2024,"300,00",,,"300,00","0,00",0,0
16.1.2024,"300,00",,,"300,00","0,00",0,0
15.1.2024,"300,00",,,"300,00","0,00",0,0
12.1.2024,"300,00",,,"300,00","0,00",0,0
11.1.2024,"300,00",,,"300,00","0,00",0,0
10.1.2024,"300,00",,,"300,00","0,00",0,0
09.1.2024,"300,00",,,"300,00","0,00",0,0
05.1.2024,"300,00",,,"300,00","0,00",0,0
04.1.2024,"300,00",,,"300,00","0,00",0,0
03.1.2024,"300,00",,,"300,00","0,00",0,0
02.1.2024,"300,00",,,"300,00","0,00",0,0
28.12.2023,"300,00",,,"300,00","0,00",0,0
27.12.2023,"300,00",,,"300,00","0,00",0,0
26.12.2023,"300,00",,,"300,00","0,00",0,0
25.12.2023,"300,00",,,"300,00","0,00",0,0
22.12.2023,"300,00",,,"300,00","0,00",0,0
21.12.2023,"300,00",,,"300,00","0,00",0,0
20.12.2023,"300,00",,,"300,00","0,00",0,0
19.12.2023,"300,00",,,"300,00","0,00",0,0
18.12.2023,"300,00",,,"300,00","0,00",0,0
15.12.2023,"300,00",,,"300,00","0,00",0,0
14.12.2023,"300,00",,,"300,00","0,00",0,0
13.12.2023,"300,00",,,"300,00","0,00",0,0
12.12.2023,"300,00",,,"300,00","0,00",0,0
11.12.2023,"300,00",,,"300,00","0,00",0,0
07.12.2023,"300,00",,,"300,00","0,00",0,0
06.12.2023,"300,00",,,"300,00","0,00",0,0
05.12.2023,"300,00",,,"300,00","0,00",0,0
04.12.2023,"300,00",,,"300,00","0,00",0,0
01.12.2023,"300,00",,,"300,00","0,00",0,0
30.11.2023,"300,00",,,"300,00","0,00",0,0
29.11.2023,"300,00",,,"300,00","0,00",0,0
28.11.2023,"300,00",,,"300,00","0,00",0,0
27.11.2023,"300,00",,,"300,00","0,00",0,0
24.11.2023,"300,00",,,"300,00","0,00",0,0
23.11.2023,"300,00",,,"300,00","0,00",0,0
22.11.2023,"300,00",,,"300,00","0,00",0,0
21.11.2023,"300,00",,,"300,00","0,00",0,0
20.11.2023,"300,00",,,"300,00","0,00",0,0
17.11.2023,"300,00",,,"300,00","0,00",0,0
16.11.2023,"300,00",,,"300,00","0,00",0,0
15.11.2023,"300,00",,,"300,00","0,00",0,0
14.11.2023,"300,00",,,"300,00","0,00",0,0
13.11.2023,"300,00",,,"300,00","0,00",0,0
10.11.2023,"300,00",,,"300,00","0,00",0,0
09.11.2023,"300,00",,,"300,00","0,00",0,0
08.11.2023,"300,00",,,"300,00","0,00",0,0
07.11.2023,"300,00",,,"300,00","0,00",0,0
06.11.2023,"300,00",,,"300,00","0,00",0,0
03.11.2023,"300,00",,,"300,00","0,00",0,0
02.11.2023,"300,00",,,"300,00","0,00",0,0
01.11.2023,"300,00",,,"300,00","0,00",0,0
31.10.2023,"300,00",,,"300,00","0,00",0,0
30.10.2023,"300,00",,,"300,00","0,00",0,0
27.10.2023,"300,00",,,"300,00","0,00",0,0
26.10.2023,"300,00",,,"300,00","0,00",0,0
25.10.2023,"300,00",,,"300,00","0,00",0,0
24.10.2023,"300,00",,,"300,00","0,00",0,0
20.10.2023,"300,00",,,"300,00","0,00",0,0
19.10.2023,"300,00",,,"300,00","0,00",0,0
18.10.2023,"300,00",,,"300,00","0,00",0,0
17.10.2023,"300,00",,,"300,00","0,00",0,0
16.10.2023,"300,00",,,"300,00","0,00",0,0
13.10.2023,"300,00",,,"300,00","0,00",0,0
12.10.2023,"300,00",,,"300,00","0,00",0,0
10.10.2023,"300,00",,,"300,00","0,00",0,0
09.10.2023,"300,00",,,"300,00","0,00",0,0
06.10.2023,"300,00",,,"300,00","0,00",0,0
05.10.2023,"300,00",,,"300,00","0,00",0,0
04.10.2023,"300,00",,,"300,00","0,00",0,0
03.10.2023,"300,00",,,"300,00","0,00",0,0
02.10.2023,"300,00",,,"300,00","0,00",0,0
29.9.2023,"300,00",,,"300,00","0,00",0,0
28.9.2023,"300,00",,,"300,00","0,00",0,0
27.9.2023,"300,00",,,"300,00","0,00",0,0
26.9.2023,"300,00",,,"300,00","0,00",0,0
25.9.2023,"300,00",,,"300,00","0,00",0,0
22.9.2023,"300,00","300,00","300,00","300,00","53,85",10,3.000
21.9.2023,"195,00",,,"195,00","0,00",0,0
20.9.2023,"195,00",,,"195,00","0,00",0,0
19.9.2023,"195,00",,,"195,00","0,00",0,0
18.9.2023,"195,00",,,"195,00","0,00",0,0
15.9.2023,"195,00",,,"195,00","0,00",0,0
14.9.2023,"195,00",,,"195,00","0,00",0,0
13.9.2023,"195,00",,,"195,00","0,00",0,0
12.9.2023,"195,00",,,"195,00","0,00",0,0
11.9.2023,"195,00",,,"195,00","0,00",0,0
07.9.2023,"195,00",,,"195,00","0,00",0,0
06.9.2023,"195,00",,,"195,00","0,00",0,0
05.9.2023,"195,00",,,"195,00","0,00",0,0
04.9.2023,"195,00",,,"195,00","0,00",0,0
01.9.2023,"195,00",,,"195,00","0,00",0,0
31.8.2023,"195,00",,,"195,00","0,00",0,0
30.8.2023,"195,00",,,"195,00","0,00",0,0
29.8.2023,"195,00",,,"195,00","0,00",0,0
25.8.2023,"195,00",,,"195,00","0,00",0,0
24.8.2023,"195,00",,,"195,00","0,00",0,0
23.8.2023,"195,00",,,"195,00","0,00",0,0
22.8.2023,"195,00",,,"195,00","0,00",0,0
21.8.2023,"195,00",,,"195,00","0,00",0,0
18.8.2023,"195,00",,,"195,00","0,00",0,0
17.8.2023,"195,00",,,"195,00","0,00",0,0
16.8.2023,"195,00",,,"195,00","0,00",0,0
15.8.2023,"195,00",,,"195,00","0,00",0,0
14.8.2023,"195,00",,,"195,00","0,00",0,0
11.8.2023,"195,00",,,"195,00","0,00",0,0
10.8.2023,"195,00",,,"195,00","0,00",0,0
09.8.2023,"195,00",,,"195,00","0,00",0,0
08.8.2023,"195,00",,,"195,00","0,00",0,0
07.8.2023,"195,00",,,"195,00","0,00",0,0
04.8.2023,"195,00",,,"195,00","0,00",0,0
03.8.2023,"195,00",,,"195,00","0,00",0,0
01.8.2023,"195,00",,,"195,00","0,00",0,0
31.7.2023,"195,00",,,"195,00","0,00",0,0
28.7.2023,"195,00",,,"195,00","0,00",0,0
27.7.2023,"195,00",,,"195,00","0,00",0,0
26.7.2023,"195,00",,,"195,00","0,00",0,0
25.7.2023,"195,00",,,"195,00","0,00",0,0
24.7.2023,"195,00",,,"195,00","0,00",0,0
21.7.2023,"195,00",,,"195,00","0,00",0,0
20.7.2023,"195,00",,,"195,00","0,00",0,0
19.7.2023,"195,00",,,"195,00","0,00",0,0
18.7.2023,"195,00",,,"195,00","0,00",0,0
17.7.2023,"195,00",,,"195,00","0,00",0,0
14.7.2023,"195,00",,,"195,00","0,00",0,0
13.7.2023,"195,00",,,"195,00","0,00",0,0
12.7.2023,"195,00",,,"195,00","0,00",0,0
11.7.2023,"195,00",,,"195,00","0,00",0,0
10.7.2023,"195,00",,,"195,00","0,00",0,0
07.7.2023,"195,00",,,"195,00","0,00",0,0
06.7.2023,"195,00",,,"195,00","0,00",0,0
05.7.2023,"195,00",,,"195,00","0,00",0,0
04.7.2023,"195,00",,,"195,00","0,00",0,0
03.7.2023,"195,00",,,"195,00","0,00",0,0
30.6.2023,"195,00",,,"195,00","0,00",0,0
29.6.2023,"195,00",,,"195,00","0,00",0,0
28.6.2023,"195,00",,,"195,00","0,00",0,0
27.6.2023,"195,00",,,"195,00","0,00",0,0
26.6.2023,"195,00",,,"195,00","0,00",0,0
23.6.2023,"195,00",,,"195,00","0,00",0,0
22.6.2023,"195,00",,,"195,00","0,00",0,0
21.6.2023,"195,00",,,"195,00","0,00",0,0
20.6.2023,"195,00",,,"195,00","0,00",0,0
19.6.2023,"195,00",,,"195,00","0,00",0,0
16.6.2023,"195,00","195,00","195,00","195,00","0,00",200,39.000
15.6.2023,"195,00","195,00","195,00","195,00","2,63",255,49.725
14.6.2023,"190,00",,,"190,00","0,00",0,0
13.6.2023,"190,00",,,"190,00","0,00",0,0
12.6.2023,"190,00",,,"190,00","0,00",0,0
09.6.2023,"190,00",,,"190,00","0,00",0,0
08.6.2023,"190,00","190,00","190,00","190,00","-2,06",300,57.000
07.6.2023,"194,00",,,"194,00","0,00",0,0
06.6.2023,"194,00",,,"194,00","0,00",0,0
05.6.2023,"194,00",,,"194,00","0,00",0,0
01.6.2023,"194,00",,,"194,00","0,00",0,0
31.5.2023,"194,00",,,"194,00","0,00",0,0
30.5.2023,"194,00",,,"194,00","0,00",0,0
29.5.2023,"194,00",,,"194,00","0,00",0,0
26.5.2023,"194,00","194,00","194,00","194,00","0,00",87,16.878
25.5.2023,"194,00",,,"194,00","0,00",0,0
23.5.2023,"194,00","194,00","194,00","194,00","0,00",599,116.206
22.5.2023,"194,00",,,"194,00","0,00",0,0
19.5.2023,"194,00",,,"194,00","0,00",0,0
18.5.2023,"194,00","194,00","194,00","194,00","-3,00",201,38.994
17.5.2023,"200,00",,,"200,00","0,00",0,0
16.5.2023,"200,00",,,"200,00","0,00",0,0
15.5.2023,"200,00",,,"200,00","0,00",0,0
12.5.2023,"200,00",,,"200,00","0,00",0,0
11.5.2023,"200,00",,,"200,00","0,00",0,0
10.5.2023,"200,00",,,"200,00","0,00",0,0
09.5.2023,"200,00",,,"200,00","0,00",0,0
08.5.2023,"200,00",,,"200,00","0,00",0,0
05.5.2023,"200,00",,,"200,00","0,00",0,0
04.5.2023,"200,00",,,"200,00","0,00",0,0
03.5.2023,"200,00",,,"200,00","0,00",0,0
02.5.2023,"200,00",,,"200,00","0,00",0,0
28.4.2023,"200,00",,,"200,00","0,00",0,0
27.4.2023,"200,00",,,"200,00","0,00",0,0
26.4.2023,"200,00",,,"200,00","0,00",0,0
25.4.2023,"200,00",,,"200,00","0,00",0,0
24.4.2023,"200,00",,,"200,00","0,00",0,0
20.4.2023,"200,00","200,00","200,00","200,00","0,00",1.282,256.400
19.4.2023,"200,00",,,"200,00","0,00",0,0
18.4.2023,"200,00","200,00","200,00","200,00","-9,09",1.000,200.000
13.4.2023,"220,00",,,"220,00","0,00",0,0
12.4.2023,"220,00",,,"220,00","0,00",0,0
11.4.2023,"220,00",,,"220,00","0,00",0,0
10.4.2023,"220,00","220,00","220,00","220,00","-28,57",20,4.400
07.4.2023,"308,00",,,"308,00","0,00",0,0
06.4.2023,"308,00",,,"308,00","0,00",0,0
05.4.2023,"308,00",,,"308,00","0,00",0,0
04.4.2023,"308,00",,,"308,00","0,00",0,0
03.4.2023,"308,00",,,"308,00","0,00",0,0
31.3.2023,"308,00",,,"308,00","0,00",0,0
30.3.2023,"308,00",,,"308,00","0,00",0,0
29.3.2023,"308,00",,,"308,00","0,00",0,0
28.3.2023,"308,00",,,"308,00","0,00",0,0
27.3.2023,"308,00",,,"308,00","0,00",0,0
24.3.2023,"308,00",,,"308,00","0,00",0,0
23.3.2023,"308,00",,,"308,00","0,00",0,0
22.3.2023,"308,00",,,"308,00","0,00",0,0
21.3.2023,"308,00",,,"308,00","0,00",0,0
20.3.2023,"308,00",,,"308,00","0,00",0,0
17.3.2023,"308,00",,,"308,00","0,00",0,0
16.3.2023,"308,00",,,"308,00","0,00",0,0
15.3.2023,"308,00",,,"308,00","0,00",0,0
14.3.2023,"308,00",,,"308,00","0,00",0,0
13.3.2023,"308,00",,,"308,00","0,00",0,0
10.3.2023,"308,00",,,"308,00","0,00",0,0
09.3.2023,"308,00",,,"308,00","0,00",0,0
08.3.2023,"308,00",,,"308,00","0,00",0,0
07.3.2023,"308,00",,,"308,00","0,00",0,0
06.3.2023,"308,00",,,"308,00","0,00",0,0
03.3.2023,"308,00",,,"308,00","0,00",0,0
02.3.2023,"308,00",,,"308,00","0,00",0,0
01.3.2023,"308,00",,,"308,00","0,00",0,0
28.2.2023,"308,00",,,"308,00","0,00",0,0
27.2.2023,"308,00",,,"308,00","0,00",0,0
24.2.2023,"308,00",,,"308,00","0,00",0,0
23.2.2023,"308,00",,,"308,00","0,00",0,0
22.2.2023,"308,00",,,"308,00","0,00",0,0
21.2.2023,"308,00",,,"308,00","0,00",0,0
20.2.2023,"308,00",,,"308,00","0,00",0,0
17.2.2023,"308,00",,,"308,00","0,00",0,0
16.2.2023,"308,00",,,"308,00","0,00",0,0
15.2.2023,"308,00",,,"308,00","0,00",0,0
14.2.2023,"308,00",,,"308,00","0,00",0,0
13.2.2023,"308,00",,,"308,00","0,00",0,0
10.2.2023,"308,00",,,"308,00","0,00",0,0
09.2.2023,"308,00",,,"308,00","0,00",0,0
08.2.2023,"308,00",,,"308,00","0,00",0,0
07.2.2023,"308,00",,,"308,00","0,00",0,0
06.2.2023,"308,00",,,"308,00","0,00",0,0
03.2.2023,"308,00",,,"308,00","0,00",0,0
02.2.2023,"308,00",,,"308,00","0,00",0,0
01.2.2023,"308,00",,,"308,00","0,00",0,0
31.1.2023,"308,00",,,"308,00","0,00",0,0
30.1.2023,"308,00",,,"308,00","0,00",0,0
27.1.2023,"308,00",,,"308,00","0,00",0,0
26.1.2023,"308,00",,,"308,00","0,00",0,0
25.1.2023,"308,00",,,"308,00","0,00",0,0
24.1.2023,"308,00",,,"308,00","0,00",0,0
23.1.2023,"308,00",,,"308,00","0,00",0,0
20.1.2023,"308,00",,,"308,00","0,00",0,0
17.1.2025,"295,00",,,"295,00","0,00",0,0
16.1.2025,"295,00",,,"295,00","0,00",0,0
15.1.2025,"295,00",,,"295,00","0,00",0,0
14.1.2025,"295,00",,,"295,00","0,00",0,0
13.1.2025,"295,00",,,"295,00","0,00",0,0
10.1.2025,"295,00",,,"295,00","0,00",0,0
09.1.2025,"295,00",,,"295,00","0,00",0,0
08.1.2025,"295,00",,,"295,00","0,00",0,0
03.1.2025,"295,00",,,"295,00","0,00",0,0
02.1.2025,"295,00",,,"295,00","0,00",0,0
30.12.2024,"295,00",,,"295,00","0,00",0,0
27.12.2024,"295,00",,,"295,00","0,00",0,0
26.12.2024,"295,00",,,"295,00","0,00",0,0
25.12.2024,"295,00",,,"295,00","0,00",0,0
24.12.2024,"295,00",,,"295,00","0,00",0,0
23.12.2024,"295,00",,,"295,00","0,00",0,0
20.12.2024,"295,00",,,"295,00","0,00",0,0
19.12.2024,"295,00",,,"295,00","0,00",0,0
18.12.2024,"295,00",,,"295,00","0,00",0,0
17.12.2024,"295,00",,,"295,00","0,00",0,0
16.12.2024,"295,00",,,"295,00","0,00",0,0
13.12.2024,"295,00",,,"295,00","0,00",0,0
12.12.2024,"295,00",,,"295,00","0,00",0,0
11.12.2024,"295,00",,,"295,00","0,00",0,0
10.12.2024,"295,00",,,"295,00","0,00",0,0
06.12.2024,"295,00",,,"295,00","0,00",0,0
05.12.2024,"295,00",,,"295,00","0,00",0,0
04.12.2024,"295,00",,,"295,00","0,00",0,0
03.12.2024,"295,00",,,"295,00","0,00",0,0
02.12.2024,"295,00",,,"295,00","0,00",0,0
29.11.2024,"295,00",,,"295,00","0,00",0,0
28.11.2024,"295,00",,,"295,00","0,00",0,0
27.11.2024,"295,00",,,"295,00","0,00",0,0
26.11.2024,"295,00",,,"295,00","0,00",0,0
25.11.2024,"295,00",,,"295,00","0,00",0,0
22.11.2024,"295,00",,,"295,00","0,00",0,0
21.11.2024,"295,00","295,00","295,00","295,00","-1,67",545,160.775
20.11.2024,"300,00",,,"300,00","0,00",0,0
19.11.2024,"300,00",,,"300,00","0,00",0,0
18.11.2024,"300,00",,,"300,00","0,00",0,0
15.11.2024,"300,00","300,00","300,00","300,00","-4,76",100,30.000
14.11.2024,"315,00",,,"315,00","0,00",0,0
13.11.2024,"315,00",,,"315,00","0,00",0,0
12.11.2024,"315,00",,,"315,00","0,00",0,0
11.11.2024,"315,00",,,"315,00","0,00",0,0
08.11.2024,"315,00",,,"315,00","0,00",0,0
07.11.2024,"315,00",,,"315,00","0,00",0,0
06.11.2024,"315,00",,,"315,00","0,00",0,0
05.11.2024,"315,00",,,"315,00","0,00",0,0
04.11.2024,"315,00",,,"315,00","0,00",0,0
01.11.2024,"315,00",,,"315,00","0,00",0,0
31.10.2024,"315,00",,,"315,00","0,00",0,0
30.10.2024,"315,00",,,"315,00","0,00",0,0
29.10.2024,"315,00",,,"315,00","0,00",0,0
28.10.2024,"315,00",,,"315,00","0,00",0,0
25.10.2024,"315,00",,,"315,00","0,00",0,0
24.10.2024,"315,00",,,"315,00","0,00",0,0
22.10.2024,"315,00",,,"315,00","0,00",0,0
21.10.2024,"315,00",,,"315,00","0,00",0,0
18.10.2024,"315,00",,,"315,00","0,00",0,0
17.10.2024,"315,00",,,"315,00","0,00",0,0
16.10.2024,"315,00",,,"315,00","0,00",0,0
15.10.2024,"315,00",,,"315,00","0,00",0,0
14.10.2024,"315,00",,,"315,00","0,00",0,0
10.10.2024,"315,00",,,"315,00","0,00",0,0
09.10.2024,"315,00",,,"315,00","0,00",0,0
08.10.2024,"315,00",,,"315,00","0,00",0,0
07.10.2024,"315,00",,,"315,00","0,00",0,0
04.10.2024,"315,00",,,"315,00","0,00",0,0
03.10.2024,"315,00",,,"315,00","0,00",0,0
02.10.2024,"315,00",,,"315,00","0,00",0,0
01.10.2024,"315,00",,,"315,00","0,00",0,0
30.9.2024,"315,00",,,"315,00","0,00",0,0
27.9.2024,"315,00",,,"315,00","0,00",0,0
26.9.2024,"315,00",,,"315,00","0,00",0,0
25.9.2024,"315,00",,,"315,00","0,00",0,0
24.9.2024,"315,00",,,"315,00","0,00",0,0
23.9.2024,"315,00",,,"315,00","0,00",0,0
20.9.2024,"315,00",,,"315,00","0,00",0,0
19.9.2024,"315,00",,,"315,00","0,00",0,0
18.9.2024,"315,00",,,"315,00","0,00",0,0
17.9.2024,"315,00",,,"315,00","0,00",0,0
16.9.2024,"315,00",,,"315,00","0,00",0,0
13.9.2024,"315,00",,,"315,00","0,00",0,0
12.9.2024,"315,00",,,"315,00","0,00",0,0
11.9.2024,"315,00",,,"315,00","0,00",0,0
10.9.2024,"315,00",,,"315,00","0,00",0,0
06.9.2024,"315,00",,,"315,00","0,00",0,0
05.9.2024,"315,00",,,"315,00","0,00",0,0
04.9.2024,"315,00",,,"315,00","0,00",0,0
03.9.2024,"315,00",,,"315,00","0,00",0,0
02.9.2024,"315,00",,,"315,00","0,00",0,0
30.8.2024,"315,00",,,"315,00","0,00",0,0
29.8.2024,"315,00",,,"315,00","0,00",0,0
27.8.2024,"315,00",,,"315,00","0,00",0,0
26.8.2024,"315,00",,,"315,00","0,00",0,0
23.8.2024,"315,00",,,"315,00","0,00",0,0
22.8.2024,"315,00",,,"315,00","0,00",0,0
21.8.2024,"315,00",,,"315,00","0,00",0,0
20.8.2024,"315,00",,,"315,00","0,00",0,0
19.8.2024,"315,00",,,"315,00","0,00",0,0
16.8.2024,"315,00",,,"315,00","0,00",0,0
15.8.2024,"315,00",,,"315,00","0,00",0,0
14.8.2024,"315,00",,,"315,00","0,00",0,0
13.8.2024,"315,00",,,"315,00","0,00",0,0
12.8.2024,"315,00",,,"315,00","0,00",0,0
09.8.2024,"315,00",,,"315,00","0,00",0,0
08.8.2024,"315,00",,,"315,00","0,00",0,0
07.8.2024,"315,00",,,"315,00","0,00",0,0
06.8.2024,"315,00",,,"315,00","0,00",0,0
05.8.2024,"315,00",,,"315,00","0,00",0,0
01.8.2024,"315,00",,,"315,00","0,00",0,0
31.7.2024,"315,00",,,"315,00","0,00",0,0
30.7.2024,"315,00",,,"315,00","0,00",0,0
29.7.2024,"315,00",,,"315,00","0,00",0,0
26.7.2024,"315,00",,,"315,00","0,00",0,0
25.7.2024,"315,00",,,"315,00","0,00",0,0
24.7.2024,"315,00",,,"315,00","0,00",0,0
23.7.2024,"315,00",,,"315,00","0,00",0,0
22.7.2024,"315,00",,,"315,00","0,00",0,0
19.7.2024,"315,00",,,"315,00","0,00",0,0
18.7.2024,"315,00",,,"315,00","0,00",0,0
17.7.2024,"315,00",,,"315,00","0,00",0,0
16.7.2024,"315,00",,,"315,00","0,00",0,0
15.7.2024,"315,00",,,"315,00","0,00",0,0
12.7.2024,"315,00",,,"315,00","0,00",0,0
11.7.2024,"315,00",,,"315,00","0,00",0,0
10.7.2024,"315,00",,,"315,00","0,00",0,0
09.7.2024,"315,00",,,"315,00","0,00",0,0
08.7.2024,"315,00",,,"315,00","0,00",0,0
05.7.2024,"315,00",,,"315,00","0,00",0,0
04.7.2024,"315,00",,,"315,00","0,00",0,0
03.7.2024,"315,00",,,"315,00","0,00",0,0
02.7.2024,"315,00",,,"315,00","0,00",0,0
01.7.2024,"315,00",,,"315,00","0,00",0,0
28.6.2024,"315,00",,,"315,00","0,00",0,0
27.6.2024,"315,00",,,"315,00","0,00",0,0
26.6.2024,"315,00",,,"315,00","0,00",0,0
25.6.2024,"315,00",,,"315,00","0,00",0,0
24.6.2024,"315,00",,,"315,00","0,00",0,0
20.6.2024,"315,00",,,"315,00","0,00",0,0
19.6.2024,"315,00",,,"315,00","0,00",0,0
18.6.2024,"315,00",,,"315,00","0,00",0,0
17.6.2024,"315,00",,,"315,00","0,00",0,0
14.6.2024,"315,00",,,"315,00","0,00",0,0
13.6.2024,"315,00",,,"315,00","0,00",0,0
12.6.2024,"315,00",,,"315,00","0,00",0,0
11.6.2024,"315,00",,,"315,00","0,00",0,0
10.6.2024,"315,00",,,"315,00","0,00",0,0
07.6.2024,"315,00",,,"315,00","0,00",0,0
06.6.2024,"315,00",,,"315,00","0,00",0,0
05.6.2024,"315,00",,,"315,00","0,00",0,0
04.6.2024,"315,00",,,"315,00","0,00",0,0
03.6.2024,"315,00",,,"315,00","0,00",0,0
31.5.2024,"315,00",,,"315,00","0,00",0,0
30.5.2024,"315,00",,,"315,00","0,00",0,0
29.5.2024,"315,00",,,"315,00","0,00",0,0
28.5.2024,"315,00",,,"315,00","0,00",0,0
27.5.2024,"315,00",,,"315,00","0,00",0,0
23.5.2024,"315,00",,,"315,00","0,00",0,0
22.5.2024,"315,00",,,"315,00","0,00",0,0
21.5.2024,"315,00",,,"315,00","0,00",0,0
20.5.2024,"315,00",,,"315,00","0,00",0,0
17.5.2024,"315,00",,,"315,00","0,00",0,0
16.5.2024,"315,00",,,"315,00","0,00",0,0
15.5.2024,"315,00",,,"315,00","0,00",0,0
14.5.2024,"315,00",,,"315,00","0,00",0,0
13.5.2024,"315,00",,,"315,00","0,00",0,0
10.5.2024,"315,00",,,"315,00","0,00",0,0
09.5.2024,"315,00",,,"315,00","0,00",0,0
07.5.2024,"315,00",,,"315,00","0,00",0,0
02.5.2024,"315,00",,,"315,00","0,00",0,0
30.4.2024,"315,00",,,"315,00","0,00",0,0
29.4.2024,"315,00",,,"315,00","0,00",0,0
26.4.2024,"315,00",,,"315,00","0,00",0,0
25.4.2024,"315,00",,,"315,00","0,00",0,0
23.4.2024,"315,00",,,"315,00","0,00",0,0
22.4.2024,"315,00",,,"315,00","0,00",0,0
19.4.2024,"315,00",,,"315,00","0,00",0,0
18.4.2024,"315,00",,,"315,00","0,00",0,0
17.4.2024,"315,00",,,"315,00","0,00",0,0
16.4.2024,"315,00",,,"315,00","0,00",0,0
15.4.2024,"315,00",,,"315,00","0,00",0,0
12.4.2024,"315,00","315,00","315,00","315,00","-0,94",100,31.500
11.4.2024,"318,00",,,"318,00","0,00",0,0
09.4.2024,"318,00",,,"318,00","0,00",0,0
08.4.2024,"318,00","318,00","318,00","318,00","2,91",50,15.900
05.4.2024,"309,00",,,"309,00","0,00",0,0
04.4.2024,"309,00",,,"309,00","0,00",0,0
03.4.2024,"309,00",,,"309,00","0,00",0,0
02.4.2024,"309,00",,,"309,00","0,00",0,0
01.4.2024,"309,00",,,"309,00","0,00",0,0
29.3.2024,"309,00","309,00","309,00","309,00","3,00",40,12.360
28.3.2024,"300,00",,,"300,00","0,00",0,0
27.3.2024,"300,00",,,"300,00","0,00",0,0
26.3.2024,"300,00",,,"300,00","0,00",0,0
25.3.2024,"300,00",,,"300,00","0,00",0,0
22.3.2024,"300,00",,,"300,00","0,00",0,0
21.3.2024,"300,00",,,"300,00","0,00",0,0
20.3.2024,"300,00",,,"300,00","0,00",0,0
19.3.2024,"300,00",,,"300,00","0,00",0,0
18.3.2024,"300,00",,,"300,00","0,00",0,0
15.3.2024,"300,00",,,"300,00","0,00",0,0
14.3.2024,"300,00",,,"300,00","0,00",0,0
13.3.2024,"300,00",,,"300,00","0,00",0,0
12.3.2024,"300,00",,,"300,00","0,00",0,0
11.3.2024,"300,00",,,"300,00","0,00",0,0
08.3.2024,"300,00",,,"300,00","0,00",0,0
07.3.2024,"300,00",,,"300,00","0,00",0,0
06.3.2024,"300,00",,,"300,00","0,00",0,0
05.3.2024,"300,00",,,"300,00","0,00",0,0
04.3.2024,"300,00",,,"300,00","0,00",0,0
01.3.2024,"300,00",,,"300,00","0,00",0,0
29.2.2024,"300,00",,,"300,00","0,00",0,0
28.2.2024,"300,00",,,"300,00","0,00",0,0
27.2.2024,"300,00",,,"300,00","0,00",0,0
26.2.2024,"300,00",,,"300,00","0,00",0,0
23.2.2024,"300,00",,,"300,00","0,00",0,0
22.2.2024,"300,00",,,"300,00","0,00",0,0
21.2.2024,"300,00",,,"300,00","0,00",0,0
20.2.2024,"300,00",,,"300,00","0,00",0,0
19.2.2024,"300,00",,,"300,00","0,00",0,0
16.2.2024,"300,00",,,"300,00","0,00",0,0
15.2.2024,"300,00",,,"300,00","0,00",0,0
14.2.2024,"300,00",,,"300,00","0,00",0,0
13.2.2024,"300,00",,,"300,00","0,00",0,0
12.2.2024,"300,00",,,"300,00","0,00",0,0
09.2.2024,"300,00",,,"300,00","0,00",0,0
08.2.2024,"300,00",,,"300,00","0,00",0,0
07.2.2024,"300,00",,,"300,00","0,00",0,0
06.2.2024,"300,00",,,"300,00","0,00",0,0
05.2.2024,"300,00",,,"300,00","0,00",0,0
02.2.2024,"300,00",,,"300,00","0,00",0,0
01.2.2024,"300,00",,,"300,00","0,00",0,0
31.1.2024,"300,00",,,"300,00","0,00",0,0
30.1.2024,"300,00",,,"300,00","0,00",0,0
29.1.2024,"300,00",,,"300,00","0,00",0,0
26.1.2024,"300,00",,,"300,00","0,00",0,0
25.1.2024,"300,00",,,"300,00","0,00",0,0
24.1.2024,"300,00",,,"300,00","0,00",0,0
23.1.2024,"300,00",,,"300,00","0,00",0,0
22.1.2024,"300,00",,,"300,00","0,00",0,0
20.1.2025,"295,00",,,"295,00","0,00",0,0
